author,num_pages_grp,0
18-Oct,500-749,1
18-Oct,<250,1
1st Book Library,500-749,1
1st World Library,250-499,1
A & C Black (Childrens books),<250,1
A Harvest Book/Harcourt  Inc.,<250,1
A K PETERS,250-499,1
AA World Services,500-749,1
ACE,250-499,1
ADV Manga,<250,10
AHA! Process,<250,1
AIT Planet Lar,<250,1
AK Press,250-499,1
AMR/Advanced Management Reports,<250,1
ASCD,<250,1
AVA Publishing,<250,1
Abacus,250-499,3
Abacus,500-749,2
Abacus,<250,1
Abacus Books,500-749,1
Abacus Books (London),250-499,1
Abdo Publishing Company,<250,3
Abingdon Press,250-499,1
Abradale Books/Harry N. Abrams,500-749,1
Abraham Guillen Press,<250,1
Abrams,250-499,1
Abrams,<250,1
Absolute Press,<250,1
Abstract Studio,250-499,1
Academic Press,250-499,1
Academica Press,<250,1
Academy Chicago Publishers,250-499,1
Ace,250-499,26
Ace,500-749,3
Ace,<250,6
Ace Book,250-499,1
Ace Books,250-499,22
Ace Books,<250,2
Ace Hardcover,250-499,1
Ace Trade,250-499,2
Ace/SFBC,<250,1
Acento Editorial,250-499,1
Acropolis Books (NY),250-499,1
Actes Sud,250-499,1
Actes Sud,>=1000,1
Adamant Media Corporation,500-749,1
Adams Media,250-499,1
Adams Media,<250,1
Addison Wesley,750-999,1
Addison Wesley Publishing Company,250-499,2
Addison Wesley Publishing Company,500-749,1
Addison Wesley Publishing Company,<250,2
Addison-Wesley Professional,250-499,3
Addison-Wesley Professional,500-749,1
Advantage World Press,<250,1
Adventures Unlimited Press,<250,2
Aegypan,<250,1
Aerie,<250,1
Aivia Press,500-749,1
Akashic Books/Punk Planet Books,250-499,1
Aladdin,250-499,5
Aladdin,500-749,1
Aladdin,<250,13
Aladdin Paperbacks,250-499,2
Aladdin Paperbacks,<250,9
Alan Rodgers Books,250-499,1
Albert Whitman  Company,<250,2
Albin Michel,250-499,3
Albin Michel,500-749,1
Albin Michel,<250,1
Albury Publishing,250-499,1
Alcoholics Anonymous World Services Inc,250-499,1
Alderac Entertainment Group,250-499,1
Alderac Entertainment Group (AEG),<250,1
Alfabeta Bokförlag,<250,1
Alfaguara,250-499,3
Alfaguara,500-749,1
Alfaguara,<250,1
Alfaguara Infantil,<250,1
Alfred A. Knopf,250-499,13
Alfred A. Knopf,500-749,2
Alfred A. Knopf,750-999,2
Alfred A. Knopf,<250,13
Alfred A. Knopf,>=1000,1
Alfred A. Knopf  Inc.,750-999,1
Alfred A. Knopf Books for Young Readers,250-499,2
Alfred A. Knopf Books for Young Readers,500-749,1
Alfred A. Knopf Books for Young Readers,<250,2
Alfred A. Knopf Borzoi Books,250-499,1
Alfred A.Knopf,<250,1
Algonquin Books,250-499,3
Algonquin Books,<250,2
Alianza Editorial,<250,1
Alison Green Books,<250,1
Allen & Ulwin,250-499,1
Allen Lane,250-499,2
Alliance Publishing,500-749,1
Allworth,<250,1
Allyn & Bacon,750-999,1
Allyn & Bacon,<250,2
Alpha,250-499,2
Alpha Books,250-499,1
Alyson Books,250-499,1
Alyson Books,<250,1
Amadeus,250-499,1
Amereon Limited,<250,1
Amereon Ltd,<250,1
America's Test Kitchen,250-499,1
America's Test Kitchen,<250,1
American Diabetes Association,250-499,1
American Girl Publishing Inc,<250,5
American University in Cairo Press,250-499,1
Amherst Media,<250,1
Amherst Media  Inc.,<250,1
Amistad,250-499,8
Amistad,<250,2
Amistad Press,250-499,1
Anagrama,250-499,1
Anagrama,<250,6
Anchor,250-499,41
Anchor,500-749,9
Anchor,750-999,1
Anchor,<250,11
Anchor Bible,500-749,2
Anchor Books,250-499,23
Anchor Books,500-749,4
Anchor Books,750-999,2
Anchor Books,<250,10
Anchor Books,>=1000,1
Anchor Books/Knopf Doubleday Publishing Group,<250,1
Anchor Canada,500-749,1
Andrews McMeel Publishing,250-499,2
Andrews McMeel Publishing,<250,10
Andrews McMeel Publishing,>=1000,1
Andrews and McMeel,<250,1
Ann Arbor Media,250-499,2
Ann Arbor Media,<250,1
Annick Press,<250,1
Applause Books,500-749,1
Applause Books,<250,2
Applause Theatre & Cinema Book Publishers,250-499,1
Apple,<250,1
Apple Paperbacks (Scholastic),<250,1
Applewood Books,<250,6
Apress,250-499,3
Apress,750-999,1
Arbordale Publishing,<250,1
Arcade Publishing,<250,1
Arcadia Publishing,<250,3
Arcadia Publishing (SC),<250,4
Archaia,250-499,1
Archaia,<250,1
Archie Comics,<250,1
Archipelago Books,250-499,1
Arden Shakespeare,250-499,1
Arden Shakespeare,>=1000,1
Aris & Phillips,<250,1
Aris and Phillips,<250,1
Arkana,250-499,1
Arkana/Penguin,500-749,1
Arkana/Penguin,750-999,1
Arkham House Publishers,250-499,1
Arkham House Publishers,<250,1
Arlington House,>=1000,1
Arléa,750-999,1
Arrow,250-499,15
Arrow,500-749,6
Arrow,750-999,4
Arrow,<250,2
Arrow,>=1000,1
Arrow (A Division of Random House Group),250-499,1
Arrow Books,250-499,4
Arrow Books,750-999,1
Arrow Books Ltd,<250,1
Arsenal Pulp Press,<250,1
Arthur A. Levine,<250,1
Arthur A. Levine Books,<250,2
Arthur A. Levine Books / Scholastic Inc.,250-499,1
Artisan,250-499,2
Arts Publications,<250,1
Ash Tree Publishing,<250,1
Ash-Tree Press,<250,1
Aspect,250-499,4
Aspect,500-749,1
Association for Scottish Literary Studies,<250,1
Association for Supervision & Curriculum Development,<250,2
Atelos Press,<250,1
Atheneum,<250,2
Atheneum Books,<250,3
Atheneum Books for Young Readers,<250,7
Atheneum Books for Young Readers: Richard Jackson Books,<250,1
Atheneum/Richard Jackson Books,<250,2
Atlantic,250-499,1
Atlantic,<250,1
Atlantic Books,250-499,3
Atlantic Books (UK),250-499,1
Atlantic Books (UK),750-999,1
Atlantic Monthly Press,250-499,2
Atlantic Monthly Press (NYC),250-499,1
Atlas Books/HarperCollins Publishers,<250,1
Atria Books,250-499,15
Atria Books,500-749,5
Atria Books,<250,4
Audio Literature,<250,1
Audio Partners,<250,4
Audio Renaissance,<250,1
AudioGO,<250,8
AudioGO,>=1000,1
AudioText,<250,2
Audiogo,<250,3
Augsburg Fortress Publishing,250-499,3
Aurum,250-499,1
Aurum Press,<250,1
Authorhouse,250-499,2
Avalon Travel,750-999,1
Ave Maria Press,<250,2
Avenel Books,500-749,2
Avery,250-499,1
Avery Publishing Group,250-499,2
Avon,250-499,47
Avon,500-749,3
Avon,750-999,2
Avon,<250,2
Avon,>=1000,2
Avon Books,250-499,16
Avon Books,500-749,2
Avon Books,<250,2
Avon Books (AvoNova),<250,1
Avon Books (P),500-749,1
Avon HarperCollins,250-499,1
AvonEos,250-499,1
Award Books,<250,1
B Books,250-499,1
B Books,<250,1
B Fiction,250-499,1
B&H Publishing Group,<250,2
B.E.S. Publishing,<250,2
BALLANTINE BOOKS,250-499,1
BBC Audiobooks,<250,9
BBC Audiobooks America,<250,1
BBC Audiobooks Ltd,<250,1
BBC Books,250-499,1
BBC Books,<250,1
BBC Physical Audio,<250,5
BBC Worldwide,<250,1
BCP/Duckworth Publishing,<250,1
Babel,250-499,2
Babel,500-749,1
Back Bay,<250,1
Back Bay Books,250-499,25
Back Bay Books,500-749,8
Back Bay Books,750-999,4
Back Bay Books,<250,2
Back Bay Books,>=1000,1
Backinprint.com,250-499,3
Backstage Books,<250,1
Baen,250-499,5
Baen,500-749,8
Baen,750-999,1
Baen Books,250-499,5
Baen Books,500-749,2
Baker Books,250-499,1
Ballantine,250-499,2
Ballantine,500-749,1
Ballantine Books,250-499,98
Ballantine Books,500-749,17
Ballantine Books,750-999,5
Ballantine Books,<250,23
Ballantine Books,>=1000,1
Ballantine Books (NY),250-499,1
Ballantine Books (NY),<250,1
Banner of Truth,<250,2
Bantam,250-499,69
Bantam,500-749,13
Bantam,750-999,3
Bantam,<250,25
Bantam (Fanfare Imprint),<250,2
Bantam (Fanfare),<250,1
Bantam Books,250-499,21
Bantam Books,500-749,4
Bantam Books,750-999,2
Bantam Books,<250,21
Bantam Books  Inc.,500-749,1
Bantam Books (NY),250-499,2
Bantam Books (NY),500-749,1
Bantam Classic,500-749,1
Bantam Classics,250-499,3
Bantam Classics,500-749,1
Bantam Classics,750-999,1
Bantam Classics,<250,4
Bantam Classics,>=1000,2
Bantam Doubleday Dell (NYC),<250,1
Bantam Doubleday Dell Publishing Company Inc.,<250,1
Bantam Doubleday Dell Publishing Group,250-499,3
Bantam Press,250-499,5
Bantam Skylark,<250,2
Bantam Spectra,250-499,6
Bantam Spectra,500-749,2
Bantam Spectra (NY),250-499,1
Bantam Starfire,<250,1
BantamSpectra,250-499,1
Bantem Press,250-499,1
Barbour Books,<250,1
Barefoot Books,<250,1
Barn Owl Books,<250,1
Barnes  Noble,250-499,1
Barnes  Noble,500-749,1
Barnes  Noble Classics,250-499,13
Barnes  Noble Classics,500-749,12
Barnes  Noble Classics,750-999,3
Barnes  Noble Classics,<250,4
Barnes & Noble,250-499,3
Barnes & Noble,500-749,1
Barnes & Noble,750-999,2
Barnes & Noble Books,250-499,1
Barnes & Noble Classics,250-499,3
Barnes & Noble Classics,750-999,1
Baronet Books,<250,1
Barricade Books,250-499,1
Barricade Books,<250,1
Barrington Stoke,<250,1
Barron's Educational Series,<250,4
Barrons Educational Series,250-499,3
Barrons Educational Series,500-749,1
Barrons Educational Series,<250,1
Basic Books,250-499,19
Basic Books,500-749,8
Basic Books,<250,16
Basic Books (AZ),500-749,1
Basil Blackwell (Cambridge  MA/Oxford),250-499,1
Bastei Lübbe,>=1000,1
Baton Wicks,250-499,1
Batsford,250-499,1
Be Beautiful,<250,3
Beach Lane Books,<250,3
Beacon Press,250-499,2
Beacon Press,500-749,1
Beacon Press,<250,7
Beacon Press (Boston),<250,1
Bear  Company,250-499,1
Beckett Media,750-999,1
Bedford Books,250-499,1
Bedford Books,750-999,1
Bedford Books,<250,2
Bedford/St. Martin's,<250,1
Belknap Press,250-499,3
Belknap Press,500-749,4
Belknap Press of Harvard University Press,500-749,1
Belknap Press of Harvard University Press,750-999,1
Beltz und Gelberg,250-499,1
BenBella Books,250-499,1
Benjamin Cummings,250-499,1
Benjamin-Cummings Publishing Company,250-499,1
Benjamin-Cummings Publishing Company,>=1000,1
Benziger,<250,1
Berkley,250-499,66
Berkley,500-749,6
Berkley,<250,14
Berkley Books,250-499,27
Berkley Books,500-749,5
Berkley Books,750-999,3
Berkley Books,<250,7
Berkley Books,>=1000,1
Berkley Books (NY),<250,1
Berkley Hardcover,250-499,3
Berkley Heat,250-499,1
Berkley Prime Crime,<250,1
Berkley Prime Crime Books,<250,1
Berkley Publishing,250-499,1
Berkley Publishing Group,250-499,5
Berkley Publishing Group,<250,1
Berkley Sensation,250-499,14
Berkley Trade,250-499,7
Berkley Trade,500-749,2
Berkley Trade,<250,2
Berlitz Kids,<250,3
Berrett-Koehler Publishers,250-499,1
Berrett-Koehler Publishers,<250,3
Bertrand,250-499,1
Bethany House Publishers,250-499,4
Bethany House Publishers,<250,6
Better Homes and Gardens Books,<250,1
Between the Lines Productions,<250,1
BiblioLife,<250,1
Big Finish,<250,1
Billboard Books,250-499,1
Birlinn,500-749,1
Birlinn Ltd,250-499,1
Bison Books,250-499,3
Bison Books,<250,3
Black Classic Press,250-499,3
Black Dog & Leventhal,250-499,2
Black Dog & Leventhal Publishers,250-499,8
Black Dog & Leventhal Publishers,<250,2
Black Lizard Books,250-499,1
Black Sparrow Press,250-499,2
Black Swan,250-499,7
Black Swan,500-749,2
Black Swan,750-999,1
Black Swan,<250,2
Blackstone Audiobooks,250-499,1
Blackstone Audiobooks,<250,10
Blackstone Publishing,<250,1
Blackwell Publishers,250-499,1
Blackwell Publishers,500-749,2
Blackwell Publishing  Inc.,250-499,1
Blanvalet Taschenbuch,500-749,1
Blanvalet Taschenbuch Verlag,250-499,1
Blanvalet Taschenbuch Verlag,500-749,2
Blanvalet Verlag GmbH,500-749,1
Blood Moon Productions,500-749,1
Bloomsbury,250-499,3
Bloomsbury,500-749,4
Bloomsbury,<250,4
Bloomsbury (NYC),500-749,1
Bloomsbury / Continuum,<250,1
Bloomsbury Academic,250-499,5
Bloomsbury Academic,500-749,2
Bloomsbury Academic,750-999,1
Bloomsbury Academic,<250,11
Bloomsbury Arden Shakespeare,250-499,8
Bloomsbury Arden Shakespeare,500-749,1
Bloomsbury Children's Books,250-499,1
Bloomsbury Childrens Books,<250,1
Bloomsbury Methuen Drama,250-499,1
Bloomsbury Methuen Drama,<250,5
Bloomsbury Paperbacks,250-499,1
Bloomsbury Publishing,750-999,1
Bloomsbury Publishing,<250,1
Bloomsbury Publishing PLC,250-499,6
Bloomsbury Publishing PLC,500-749,1
Bloomsbury Publishing PLC,<250,7
Bloomsbury U.S.A. Children's Books,<250,3
Bloomsbury UK,250-499,1
Bloomsbury USA,250-499,2
Bloomsbury USA,<250,1
Bloomsbury USA Children's Books,250-499,1
Bloomsbury USA Childrens,250-499,1
Blu,<250,7
Blue Sky Press,<250,1
Bolchazy-Carducci Publishers,250-499,1
Bolchazy-Carducci Publishers,<250,2
Bold Strokes Books,<250,2
Bollingen/Princeton University Press (NJ),>=1000,1
Book Publishing Company,<250,1
Book Publishing Company (TN),250-499,1
Book of the Month Club,250-499,1
Bookclub-In-A-Box,<250,1
Booket,500-749,1
Booket,<250,1
Booklocker.com  Inc.,250-499,1
Books on Tape,250-499,1
Books on Tape,<250,5
Booksales,250-499,2
Bookspan,250-499,1
Boosey & Hawkes Inc,<250,1
Borgo Press,250-499,3
Borgo Press,<250,1
Boston Common Press,<250,1
Bradford Book,250-499,2
Bradford Book,500-749,1
Bradford Book,<250,1
BradyGames,250-499,2
BradyGames,<250,6
Bradygames,250-499,1
Bradygames,<250,1
Bragelonne,250-499,1
Brava,250-499,2
Bright Sky Press,500-749,1
Brill/Rodopi,<250,1
Brilliance Audio,250-499,1
Brilliance Audio,<250,20
Bristol Classical Press,250-499,1
Bristol Classical Press,<250,4
British Academy,<250,1
British Film Institute,<250,6
British Library,<250,1
Broadview Press Inc,250-499,3
Broadview Press Inc,500-749,1
Broadview Press Inc,<250,1
Broadway,500-749,1
Broadway Books,250-499,35
Broadway Books,500-749,5
Broadway Books,750-999,2
Broadway Books,<250,7
Broadway Business,250-499,1
Broadway/Crown Publishing Group,250-499,1
Brookline Books,<250,1
Bruno Gmünder,<250,1
Bryn Mawr Commentaries,<250,1
Buccaneer Books,250-499,2
Buccaneer Books,<250,1
Bulfinch,<250,1
Bureau of Public Secrets,500-749,1
Burford Books,250-499,1
Business Plus,<250,3
Byblos,500-749,1
C. Bange,<250,1
CDS Books,250-499,1
CMX,<250,1
CQ Press,<250,1
CRC Press,500-749,1
Caedmon,<250,7
Cambridge University Press,250-499,29
Cambridge University Press,500-749,8
Cambridge University Press,750-999,1
Cambridge University Press,<250,27
Cambridge University Press,>=1000,1
Cambridge University Press/The New Cambridge Shakespeare,250-499,1
Canadian Broadcasting Corporation (CBC Audio),<250,2
Candlewick,<250,3
Candlewick Press,250-499,2
Candlewick Press,<250,20
Candlewick Press (MA),<250,3
Canongate Books,250-499,3
Canongate Books,750-999,1
Canongate U.S.,<250,3
Capstone Press,<250,2
Cardoza,500-749,1
Carl Hanser,250-499,1
Carl Hanser,<250,1
Carlsen,250-499,3
Carlsen,<250,1
Carlton Publishing Group,250-499,1
Carlton Publishing Group,<250,1
Carole Marsh Mysteries,<250,2
Carroll & Graf,<250,1
Carroll & Graf Publishers,250-499,1
Carroll & Graf Publishers,500-749,1
Carroll & Graf Publishers,<250,3
Cartago,<250,1
Cartwheel,<250,4
Casa Creacion,250-499,1
Castle Books,500-749,1
Castle Books,750-999,2
Catholic Book Publishing,250-499,1
Cavendish Square Publishing,<250,5
Cedar Books,250-499,1
Celestial Arts,250-499,2
Cemetery Dance Publications,250-499,3
Cemetery Dance Publications,<250,2
Cengage Learning,250-499,2
Cengage Learning,500-749,2
Cengage Learning,<250,1
Cengage Learning,>=1000,1
Center Point,250-499,1
Century,250-499,1
Chalice Press,<250,2
Challenge Press  Inc./Challcrest Press,<250,1
Changeling Press,250-499,1
Chaosium,250-499,4
Chaosium,<250,8
Charles Scribner's Sons,250-499,1
Charles Scribner's Sons,<250,1
Charlesbridge,<250,2
Charnwood,500-749,1
Chartwell Books,250-499,1
Chatto  Windus,250-499,2
Chatto & Windus,250-499,2
Chatto & Windus,500-749,1
Chatto & Windus,>=1000,1
Chatto and Windus,250-499,1
Chatto and Windus,500-749,1
Checkmark Books,250-499,1
Chelsea House Publications,250-499,2
Chelsea House Publications,<250,4
Chelsea House Publishers,<250,1
Cherry Lane Music Company,<250,1
Cherry Red Books,250-499,1
Chicago Review Press,250-499,3
Chicago Review Press,500-749,2
Chicago Review Press,<250,2
Chicken House,<250,2
Chicken House / Scholastic,<250,1
Child's Play International,<250,1
Children's Classics,250-499,1
Children's Press(CT),<250,1
Chosen Books,250-499,1
Chosen Books,<250,1
Christian Classics,<250,1
Christian Classics,>=1000,1
Chronicle Books,250-499,3
Chronicle Books,<250,11
Chu Hartley Publishers LLC,250-499,1
Churchill Livingstone,500-749,1
Circlet Press,<250,1
Cisne,250-499,1
Cistercian Publications,<250,1
Citadel,250-499,6
Citadel,500-749,1
Citadel,<250,6
Citadel Press,250-499,2
Citadel Press,<250,1
City Lights,<250,1
City Lights Publishers,250-499,3
City Lights Publishers,<250,3
Civitas Books,250-499,1
Claassen Verlag,250-499,1
Clarendon Press,250-499,2
Clarion Books,250-499,1
Clarion Books,<250,7
Clarity Press,<250,1
Clarkson Potter,250-499,6
Clarkson Potter,<250,1
Clarkson Potter Publishers,250-499,2
Clarkson Potter/Publishers,<250,1
Classic Books,<250,1
Cleis Press,250-499,1
Cleis Press,500-749,1
Cleis Press,<250,2
Cliffs Notes,<250,39
Coffee House Press,250-499,1
Coffee House Press,<250,1
Cold Spring Harbor Laboratory Press,500-749,1
Cold Spring Press,<250,1
Collection of Historical Scientific Instruments,250-499,1
Collector's Library,250-499,1
Collector's Library,500-749,1
Collectors Library,250-499,1
Collier Books,<250,1
Collins,<250,1
Collins Design,<250,1
Collins Modern Classics,>=1000,1
Collins Publishers,250-499,1
Collins Reference,250-499,2
Collins Reference,750-999,1
Collins Reference,>=1000,1
Columbia Pictures Pubns,<250,1
Columbia University Press,250-499,6
Columbia University Press,500-749,1
Columbia University Press,<250,7
ComicsLit,<250,1
ComicsOne Corporation,<250,2
Companhia das Letras,250-499,1
Conari Press,250-499,1
Condor Books,<250,1
Contemporary Books,250-499,1
Contemporary French Fiction,500-749,1
Continuum,<250,1
Cook's Illustrated,250-499,1
Cook's Illustrated,<250,1
Cooper Square Press,250-499,2
Cooper Square Publishers,750-999,1
Copernicus Books,<250,1
Copper Canyon Press,250-499,1
Copper Canyon Press,<250,1
Corgi,250-499,14
Corgi,500-749,2
Corgi,<250,2
Corgi Books,250-499,1
Corgi Books,500-749,1
Corgi Books (Adult),250-499,1
Corgi Childrens,250-499,2
Cornell University Press,250-499,1
Cornell University Press,<250,1
Cornerstone Press Chicago,250-499,1
Coronet,250-499,1
Coronet,<250,1
Coronet Books (GB),500-749,2
Cosimo Classics,250-499,1
Cosmos Books (OH),<250,1
Council Oak Books,<250,1
Council Press,250-499,1
Counterpoint,250-499,1
Counterpoint,<250,3
Counterpoint LLC,250-499,3
Counterpoint LLC,<250,1
Countryman Press,500-749,1
Courage Books,<250,1
Course Technology,500-749,2
Course Technology,750-999,1
Creation Books,<250,2
Crescent,250-499,1
Critica (Grijalbo Mondadori),<250,1
Crossing Press,<250,1
Crossroad,<250,2
Crossroad Publishing Company,<250,1
Crossway Books,250-499,6
Crossway Books,<250,4
Crown,250-499,3
Crown,<250,4
Crown Business,250-499,1
Crown Forum,250-499,1
Crown Journeys/Crown Publishers/Crown Publishing Group/Random House,<250,1
Crown Publishers,<250,1
Crown Publishing Group,250-499,1
Crown Publishing Group (NY),250-499,3
Crown Publishing Group (NY),<250,1
Cruithne Press,<250,1
Crystal Clarity Publishers,<250,2
Cumberland House Publishing,250-499,1
Cumberland House Publishing,<250,1
Cybereditions Corp,<250,1
Cátedra,<250,1
Círculo de Lectores,250-499,1
DAW,250-499,30
DAW,500-749,6
DAW,750-999,2
DAW,<250,2
DAW,>=1000,1
DAW Books,250-499,1
DAW Books,750-999,1
DAW Books,<250,2
DAW Books (NY),<250,1
DAW Books Inc,250-499,4
DAW Books Inc,<250,1
DAW Fantasy,750-999,1
DAW Hardcover,500-749,1
DAW SF,<250,1
DC Comics,250-499,3
DC Comics,<250,28
DC Comics Vertigo,250-499,1
DC Comics Vertigo,<250,2
DEBOLS!LLO,250-499,1
DK,250-499,1
DK,500-749,1
DK Children,250-499,1
DK Children,<250,9
DK Publishing,250-499,1
DK Publishing,<250,1
DK Publishing (Dorling Kindersley),250-499,1
DK Publishing (Dorling Kindersley),500-749,1
DK Publishing (Dorling Kindersley),<250,5
Da Capo Press,250-499,10
Da Capo Press,500-749,6
Da Capo Press,<250,4
Da Capo Press,>=1000,1
Dabel Brothers Productions,250-499,1
Dabel Brothers Publishing,<250,2
Dafina Books,250-499,1
Daimon Verlag,<250,1
Dalkey Archive Press,250-499,3
Dalkey Archive Press,750-999,1
Dalkey Archive Press,<250,4
Dante University of America Press,<250,1
Dark Horse,<250,5
Dark Horse Books,250-499,1
Dark Horse Books,<250,17
Dark Horse Comics,250-499,3
Dark Horse Comics,<250,4
Dark Horse Manga,250-499,3
Dark Horse Manga,<250,7
Dartmouth College Press,500-749,1
Darton  Longman & Todd,<250,1
David C Cook,250-499,1
David C. Cook,<250,1
David R. Godine,<250,2
David R. Godine Publisher,250-499,1
David R. Godine Publisher,500-749,1
David R. Godine Publisher,<250,4
Daw Books,250-499,8
Daw Books,500-749,4
Daw Books,750-999,1
De Boekerij,500-749,1
DeBolsillo,250-499,2
DeBolsillo,500-749,3
DeBolsillo,750-999,2
DeVorss & Company,<250,1
Deadite Press (Eraserhead Press),250-499,1
Debolsillo,250-499,12
Debolsillo,500-749,2
Debolsillo,750-999,1
Debolsillo,<250,3
Dedalus,250-499,1
Dedalus Limited,250-499,1
Del Rey,250-499,39
Del Rey,500-749,4
Del Rey,750-999,3
Del Rey,<250,32
Del Rey,>=1000,2
Del Rey Ballantine Random House,250-499,1
Del Rey Books,250-499,24
Del Rey Books,500-749,2
Del Rey Books,750-999,2
Del Rey Books,<250,4
Del Rey Books,>=1000,1
Del Rey Books (NY),250-499,1
Del Rey Fantasy,250-499,2
Del Rey/Ballantine Books,250-499,1
Delacorte Books,250-499,1
Delacorte Books for Young Readers,250-499,2
Delacorte Books for Young Readers,500-749,1
Delacorte Books for Young Readers,<250,2
Delacorte Press,250-499,9
Delacorte Press,500-749,2
Delacorte Press,<250,7
Delcourt,<250,3
Dell,250-499,16
Dell,500-749,3
Dell,<250,4
Dell,>=1000,2
Dell Laurel-Leaf,250-499,1
Dell Publishing,250-499,1
Dell Publishing Company,250-499,10
Dell Publishing Company,500-749,1
Dell Publishing Company,750-999,1
Dell Publishing Company,<250,1
Dell Yearling,<250,1
Delmar Thomson Learning,250-499,1
Delta,250-499,20
Delta,500-749,3
Delta,750-999,5
Delta,<250,2
Delta Publishing,250-499,1
Denoël,250-499,3
Denoël,750-999,2
Deodand,<250,1
Deodand Publishing,<250,1
Dervy,<250,1
Deseret Book Company,<250,1
Destino Ediciones,<250,1
Destiny Books,<250,1
Destiny Image Incorporated,250-499,1
Deutscher Taschenbuch Verlag,500-749,1
Deutscher Taschenbuch Verlag,<250,1
Devil's Due Publishing,250-499,1
Dey Street Books,250-499,3
Dey Street Books,<250,1
Dhv der Hörverlag,<250,1
Dial,<250,3
Dial Books,250-499,1
Dial Books,<250,1
Dial Press,250-499,10
Dial Press,500-749,2
Dial Press,>=1000,1
Dial Press Trade Paperback,250-499,8
Dial Press Trade Paperback,500-749,2
Dial Press Trade Paperback,750-999,1
Dial Press Trade Paperback,>=1000,1
Diamond/Charter,250-499,1
Diana TB,250-499,1
Digireads.com,<250,6
Digital Manga Publishing,250-499,1
Digital Manga Publishing,<250,9
Digital Manga Publishing / Dark Horse,<250,5
Diogenes,250-499,1
Diogenes Verlag,500-749,1
Disinformation Books,<250,1
Disinformation Company,250-499,2
Disney Editions,<250,1
Disney Enterprises,<250,1
Disney Hyperion Books,250-499,2
Disney Press,<250,14
Disney-Hyperion,250-499,6
Disney-Hyperion,<250,3
Distribooks,250-499,1
Do-Not Press,250-499,1
Dodd Mead; 1st edition (September 1976),<250,1
Dodo Press,500-749,1
Dodo Press,<250,2
Doherty  Tom Associates  LLC,250-499,1
Dominion Press,750-999,1
Dorling Kindersley Children,<250,1
Doubleday,250-499,7
Doubleday,500-749,3
Doubleday,<250,2
Doubleday & Company  Inc.,750-999,1
Doubleday Books,250-499,8
Doubleday Books,500-749,2
Doubleday Books,<250,7
Doubleday Books for Young Readers,<250,2
Doubleday Canada,<250,1
Doubleday Publishing (NY),500-749,1
Douglas  McIntyre,<250,2
Douglas & McIntyre,<250,2
Dover Publications,250-499,27
Dover Publications,500-749,5
Dover Publications,750-999,1
Dover Publications,<250,52
Dover Publications  Inc.,<250,2
Dover Publications (NY),250-499,1
Dover Publications (NYC),250-499,1
Downtown Press,250-499,1
Downtown Press,500-749,1
Dr. Master Productions Inc.,<250,1
Dragon Door Publications,<250,1
Dragonfly Books,<250,1
Dramatists Play Service,<250,7
Dramatists Play Service  Inc.,<250,1
Drawn and Quarterly,<250,2
Droemer Knaur,250-499,1
Dtv,250-499,1
Duke University Press Books,250-499,2
Duke University Press Books,<250,2
Dundurn,250-499,2
Dutton,250-499,2
Dutton,500-749,2
Dutton,750-999,1
Dutton,>=1000,1
Dutton Adult,<250,1
Dutton Books,250-499,3
Dutton Books,<250,2
Dutton Books for Young Readers,<250,2
Dutton Children's Books,750-999,1
Dutton Children's Books,<250,1
Dutton Juvenile,250-499,1
Dutton Juvenile,<250,1
ECW Press,250-499,1
EMC/Paradigm Publishing,250-499,1
EOS,250-499,1
Earthlight,250-499,2
East Bay Municipal Utility District,250-499,1
Ebury Press,250-499,3
Ebury Press,<250,1
Ecco,250-499,12
Ecco,500-749,1
Ecco,750-999,1
Ecco,<250,5
Ecco / HarperCollins,250-499,1
Ecco Press,250-499,3
Ecco/Harper Perennial,250-499,1
Edaf S.A.,750-999,1
Edebé,250-499,1
Ediciones B,250-499,8
Ediciones B,500-749,1
Ediciones Glénat España,<250,1
Ediciones Urano,250-499,1
Edicións Xerais de Galicia  S.A.,500-749,1
Edimat Libros,250-499,2
Edimat Libros,<250,2
Editions 10/18,250-499,2
Editions Gallimard,<250,1
Editions de l'Olivier,<250,1
Editions du Rocher,250-499,1
Editions du Rocher,<250,1
Editorial Diana,<250,1
Editorial Juventud,<250,1
Editorial Presença,<250,6
Editorial RM,<250,1
Edwin Mellen Press,<250,1
Eerdmans,<250,1
Egmont Books Ltd,250-499,1
Egmont Children's Books,<250,1
El Paso Norte Press,250-499,2
Element,250-499,1
Ellora's Cave,250-499,2
Ellora's Cave,<250,1
Elloras Cave,250-499,1
Ember,250-499,2
Ember,<250,3
Emece Editores,750-999,1
Emecé Editores,250-499,1
Emecé Editores,500-749,1
Eminent Lives,250-499,1
Eminent Lives,<250,1
Encounter Books,250-499,1
Enitharmon Press,<250,1
Eos,250-499,5
Eraserhead Press,<250,1
Eros Comix,<250,1
Europa Editions,250-499,2
Europa Editions,<250,1
Evans Brothers,<250,1
Everyman,250-499,4
Everyman,500-749,2
Everyman,750-999,1
Everyman,<250,1
Everyman Chess,250-499,1
Everyman Chess,>=1000,1
Everyman Library / Overlook Press,<250,1
Everyman Paperback Classics,250-499,1
Everyman Paperbacks,500-749,1
Everyman's Library,250-499,12
Everyman's Library,500-749,7
Everyman's Library,750-999,5
Everyman's Library,<250,6
Everyman's Library,>=1000,9
Everyman's Library 234,750-999,1
Everyman's Library Classics,>=1000,1
Everymans Library,250-499,1
Exact Change,250-499,1
Express Publishing,<250,1
F & W Publications Inc.,<250,1
F. Meiner,250-499,1
FASA Corp.,250-499,1
FASA Corporation,<250,1
FT Press,250-499,1
Fab Press,500-749,1
Faber  Faber,250-499,5
Faber  Faber,500-749,1
Faber  Faber,<250,4
Faber & Faber,250-499,5
Faber & Faber,500-749,2
Faber & Faber,750-999,1
Faber & Faber,<250,6
Faber & Faber,>=1000,1
Faber & Faber Limited,<250,1
Faber & Faber Ltd.,250-499,1
Faber and Faber,250-499,4
Faber and Faber,500-749,2
Faber and Faber,<250,7
Faber and Faber & Penguin India,250-499,1
FaithWords,250-499,2
FaithWords,500-749,1
Fandemonium Books,<250,1
Fanfare,250-499,2
Fanfare,<250,1
Fantagraphics,<250,3
Fantagraphics Books,<250,1
Fantasy Flight Games,<250,1
Farrar  Straus & Giroux,<250,2
Farrar  Straus and Giroux,250-499,16
Farrar  Straus and Giroux,500-749,8
Farrar  Straus and Giroux,750-999,1
Farrar  Straus and Giroux,<250,16
Farrar  Straus and Giroux (BYR),<250,1
Farrar  Straus and Giroux (NY),500-749,1
Farrar  Strauss & Giroux-3pl,250-499,1
Farrar Straus Giroux,250-499,2
Farrar Straus Giroux,<250,8
Farrar Straus and Giroux,<250,2
Fawcett,250-499,11
Fawcett,<250,9
Fawcett Books,250-499,7
Fawcett Books,750-999,1
Fawcett Books,<250,2
Fawcett Books,>=1000,1
Fawcett Coventry,<250,1
Fawcett Crest,250-499,1
Fawcett Crest Books,250-499,1
Fawcett Crest Books,750-999,1
Fawcett crest,<250,1
Feiwel & Friends,<250,1
Fellowship for the Performance,<250,1
Felony & Mayhem,250-499,1
Feminist Press,250-499,1
Feral House,250-499,2
Festival,<250,1
Festival Books,<250,1
Filiquarian Publishing  LLC.,<250,3
Findakly,<250,1
Firebird,250-499,11
Firebird,500-749,1
Firebird,<250,4
Firebird Books,<250,2
Firebrand Books,250-499,1
Firelight Press,250-499,1
Fireside,500-749,1
Fireside,<250,1
Fireside Books,250-499,1
First Avenue Editions (Tm),<250,1
Fischer (Tb.),250-499,1
Fischer TB,<250,1
Fischer Taschenbuch Verlag,250-499,1
Fithian Press,250-499,1
Five Star (ME),250-499,1
Five Star Trade,<250,1
Flamingo,250-499,2
Flamingo,<250,2
Fleming H Revell Co,<250,1
Fleming H. Revell Company,250-499,1
Focal Press,250-499,2
Focal Press,500-749,1
Focus,<250,3
Focus Publishing/R. Pullins Company,<250,1
Focus on the Family Publishing,250-499,1
Fodor's,250-499,1
Folio,500-749,1
Folio,750-999,1
Folio histoire,500-749,1
FonoLibro,<250,1
Fontana,250-499,1
Fontana,500-749,1
Fontana Books,500-749,1
Fontana Press,<250,1
For Dummies,250-499,9
Forge,250-499,3
Forge Books,250-499,4
Forge Books,500-749,1
Fortress Press,<250,1
Fount,250-499,1
Four Ninety-Eight Productions,250-499,1
Four Walls Eight Windows Press,<250,1
Fourth Estate,250-499,3
Fourth Estate,500-749,1
Fourth Estate (GB),500-749,1
Fourth Estate Ltd,250-499,1
Fourth Estate Paperbacks,500-749,1
Franklin Watts,<250,1
Frederick P. Lenz Foundation for American Buddhism,250-499,1
Frederick P. Lenz Foundation for American Buddhism,<250,1
Fredonia Books (NL),250-499,3
Free Press,250-499,25
Free Press,500-749,1
Free Press,<250,2
Free Spirit Publishing,<250,1
French & European,250-499,1
French & European Publications,<250,1
French & European Pubns,<250,1
Fulcrum Publishing,<250,1
Futura,500-749,1
G. P. Putnam's Sons,<250,1
G.P. Putnam's Sons,250-499,34
G.P. Putnam's Sons,500-749,5
G.P. Putnam's Sons,750-999,1
G.P. Putnam's Sons Books for Young Readers,<250,3
Gaia Books,250-499,1
Galahad Books,500-749,2
Gale Cengage,250-499,1
Gallery / Saga Press,<250,1
Gallery Books,250-499,10
Gallery Books,500-749,1
Gallery Books,<250,5
Gallimard,250-499,6
Gallimard,<250,9
Gallimard,>=1000,1
Gallimard Education,<250,2
Gallimard Jeunesse,<250,2
Gallopade International,<250,1
Gamble Guides,<250,1
Games Workshop,500-749,1
Games Workshop,750-999,1
Games Workshop(uk),250-499,1
Games Workshop(uk),750-999,1
Gardners Books,250-499,1
Gardners Books,<250,1
Gauntlet Press,250-499,1
Gauntlet Press,500-749,1
Geddes & Grosset,<250,1
Gemstone Publishing,250-499,1
Gemstone Publishing,<250,2
Geoplaneta,250-499,1
George Braziller,<250,1
George Braziller Inc.,<250,1
Gibbs Smith,250-499,2
Gibbs Smith,<250,2
Gibbs Smith Publishers,250-499,1
Gibbs Smith Publishers,<250,1
Gingko Press,500-749,1
Gingko Press,<250,1
Globe,<250,1
Glénat,250-499,1
Glénat,<250,8
Godsfield Press Ltd,<250,1
Gold Eagle,250-499,5
Gold Eagle,<250,1
Golden Books,<250,3
Golden Gryphon Press,250-499,1
Golden Gryphon Press,<250,1
Golden/Disney,<250,3
Goldmann,250-499,5
Goldmann,500-749,2
Goldmann,<250,1
Goldmann Verlag,250-499,1
Gollancz,250-499,1
Gollancz,500-749,1
Gollancz,<250,5
Gollehon Books,250-499,1
Gotham,<250,1
Grafton,250-499,1
Gramedia Pustaka Utama,<250,1
Gramercy,500-749,2
Gramercy,750-999,1
Gramercy,<250,1
Gramercy,>=1000,1
Gramercy Books,250-499,4
Gramercy Books,500-749,3
Gramercy Books,750-999,1
Gramercy Books,<250,3
Gramercy Books,>=1000,2
Grand Central,250-499,1
Grand Central Life & Style,500-749,1
Grand Central Publishing,250-499,47
Grand Central Publishing,500-749,11
Grand Central Publishing,750-999,2
Grand Central Publishing,<250,16
Grand Central Publishing (Formerly Warner Books),500-749,1
Grand Central Publishing (Formerly Warner Books),<250,1
Granta,250-499,1
Granta Books,250-499,1
Granta UK,250-499,1
Granta UK,<250,1
Graphics Press,<250,1
Graphics Press LLC,<250,1
Grasset,250-499,2
Graywolf Press,<250,2
Green Integer,250-499,1
Green Integer,<250,1
Green Ronin Publishing,250-499,1
Greenery Press (CA),<250,1
Greenwillow Books,250-499,3
Greenwillow Books,500-749,2
Greenwillow Books,<250,11
Greenwood,250-499,1
Greenwood Press,<250,1
Griffin,250-499,1
Griffin,750-999,2
Grijalbo,250-499,1
Grijalbo Mondadori Sa,250-499,1
Grosset & Dunlap,250-499,1
Grosset & Dunlap,<250,9
Grove Press,250-499,14
Grove Press,500-749,3
Grove Press,750-999,1
Grove Press,<250,21
Grove Press  Black Cat,250-499,1
Grove Press  Granta,250-499,1
Grove Press  Open City Books,<250,2
Grove Press (NYC),750-999,1
Grove Weidenfeld,<250,1
Grove/Atlantic  Inc.,<250,1
Grupo Editorial Norma  S.A.,<250,1
Grupo Océano,250-499,1
Gun Digest Books,250-499,1
Gurze Books,250-499,1
Gürze Books,250-499,1
HJ Kramer,<250,2
HMH Books for Young Readers,250-499,6
HMH Books for Young Readers,<250,25
HQN,250-499,1
HQN,500-749,1
HQN Books,250-499,1
Hachette,250-499,1
Hachette,<250,1
Hachette Audio,<250,3
Hachette Books,250-499,14
Hachette Books,500-749,2
Hachette Books,750-999,1
Hachette Books,<250,5
Hachette Children's,<250,1
Hachette Jeunesse,250-499,1
Hachette Littérature,250-499,1
Hackett Publ. Co Inc,250-499,2
Hackett Publishing Company,<250,1
Hackett Publishing Company  Inc.,250-499,10
Hackett Publishing Company  Inc.,500-749,3
Hackett Publishing Company  Inc.,<250,15
Hackett Publishing Company  Inc.,>=1000,3
Hackett Publishing Company  Inc. (USA),250-499,1
Hackett Publishing Company (Indianapolis  IN),250-499,1
Hakusen Sha,<250,1
Hal Leonard Pub Corp,<250,1
Hal Leonard Publishing Corporation,250-499,1
Hal Leonard Publishing Corporation,<250,1
Hamish Hamilton,<250,1
Hamish Hamilton Ltd,250-499,1
Hamish hamilton,250-499,1
Hampton Roads Publishing Company,250-499,3
Harbor Press,250-499,1
Harcourt,250-499,7
Harcourt,500-749,1
Harcourt,<250,3
Harcourt  Brace  Jovanovich,250-499,1
Harcourt  Brace Jovanovich/Harvest,<250,1
Harcourt  Inc.(Harvest Book),<250,1
Harcourt Brace,250-499,1
Harcourt Brace,500-749,1
Harcourt Brace & Company,<250,1
Harcourt Brace & company,250-499,1
Harcourt Brace Jovanovich,250-499,1
Harcourt Brace Jovanovich,<250,1
Harcourt Brace Jovanovich (NY),<250,1
Harcourt Children's Books,250-499,1
Hard Crime Case,250-499,1
Hard Crime Case,<250,2
Hard Press,<250,4
Harlequin,250-499,4
Harlequin,500-749,1
Harlequin,<250,2
Harlequin American Romance,<250,1
Harlequin Anthologies,250-499,1
Harlequin Blaze,250-499,1
Harlequin Blaze,<250,2
Harlequin Books,250-499,1
Harlequin Books,<250,1
Harlequin Historical,250-499,3
Harlequin Presents,<250,4
Harlequin Readers' Choice,<250,1
Harlequin Romance,<250,2
Harlequin Special Releases,250-499,2
Harlequin Superromance,250-499,1
Harlequin Temptation,<250,2
Harmony,250-499,9
Harmony,<250,3
Harper,250-499,24
Harper,500-749,7
Harper,750-999,1
Harper,<250,8
Harper & Row,<250,1
Harper & Row (NYC et al.),<250,1
Harper Audio,<250,1
Harper Business,250-499,6
Harper Business,<250,3
Harper Collins,250-499,1
Harper Collins,500-749,1
Harper Collins,<250,1
Harper Design,250-499,1
Harper Element,<250,1
Harper Paperbacks,250-499,7
Harper Paperbacks,<250,1
Harper Perennial,250-499,74
Harper Perennial,500-749,12
Harper Perennial,750-999,4
Harper Perennial,<250,21
Harper Perennial,>=1000,1
Harper Perennial (HarperCollins),250-499,1
Harper Perennial (NYC),500-749,1
Harper Perennial Classics,250-499,1
Harper Perennial Modern Classics,250-499,15
Harper Perennial Modern Classics,500-749,5
Harper Perennial Modern Classics,750-999,1
Harper Perennial Modern Classics,<250,5
Harper Teen,250-499,1
Harper Trophy,250-499,1
Harper Trophy,<250,1
Harper Voyager,250-499,10
Harper Voyager,500-749,4
Harper Voyager,750-999,3
Harper Voyager,<250,3
HarperAudio,<250,8
HarperCollins,250-499,39
HarperCollins,500-749,5
HarperCollins,750-999,2
HarperCollins,<250,65
HarperCollins,>=1000,1
HarperCollins (SanFrancisco),<250,1
HarperCollins Espanol,250-499,3
HarperCollins Espanol,750-999,1
HarperCollins Espanol,<250,1
HarperCollins Leadership,250-499,1
HarperCollins Leadership,<250,1
HarperCollins Perennial,750-999,1
HarperCollins Publishers,250-499,16
HarperCollins Publishers,500-749,10
HarperCollins Publishers,750-999,1
HarperCollins Publishers,<250,20
HarperCollins Publishers,>=1000,1
HarperCollins Publishers  Inc.,<250,1
HarperCollins Publishers Ltd,250-499,2
HarperCollins Publishers Ltd,500-749,1
HarperCollins Publishers Ltd,<250,3
HarperCollins UK,<250,1
HarperCollinsChildren’sBooks,<250,4
HarperCollinsPublishers,250-499,1
HarperCollinsPublishers,<250,2
HarperEntertainment,250-499,2
HarperEntertainment,750-999,1
HarperEntertainment,<250,2
HarperFestival,<250,4
HarperLargePrint,500-749,1
HarperOne,250-499,15
HarperOne,500-749,1
HarperOne,<250,17
HarperOne,>=1000,2
HarperPaperbacks,500-749,1
HarperPerennial,250-499,2
HarperPerennial,500-749,2
HarperPerennial / Perennial Classics,250-499,1
HarperPrism,250-499,1
HarperResource,<250,1
HarperSanFrancisco,<250,1
HarperTeen,250-499,2
HarperTeen,<250,8
HarperTempest,250-499,3
HarperTorch,250-499,32
HarperTorch,500-749,11
HarperTorch,750-999,1
HarperTorch,<250,4
HarperTorch (an imprint of HarperCollins Publishers),<250,1
HarperTrophy,250-499,13
HarperTrophy,<250,6
HarperVoyager,500-749,1
Harpercollins,250-499,1
Harpercollins Children's Books,<250,1
Harpercollins Childrens Books,<250,1
Harpperen,250-499,1
Harpperen,500-749,1
Harrison House,<250,1
Harry N. Abrams,250-499,23
Harry N. Abrams,500-749,3
Harry N. Abrams,750-999,1
Harry N. Abrams,<250,18
Hartley & Marks Publishers,250-499,1
Hartorch,250-499,1
Harvard Business Review Press,250-499,1
Harvard Business Review Press,<250,2
Harvard Common Press,250-499,2
Harvard Common Press,500-749,1
Harvard University Press,250-499,21
Harvard University Press,500-749,5
Harvard University Press,750-999,1
Harvard University Press,<250,10
Harvard University Press,>=1000,1
Harvard University Press (Cambridge  MA)/Wm Heinemann Ltd. (London),250-499,1
Harvard University Press (Cambridge),500-749,1
Harvard University Press (Cambridge),<250,1
Harvest / Harcourt,500-749,1
Harvest Books,250-499,1
Harvest Books/Harcourt,<250,1
Harvest House Publishers,250-499,4
Harvest House Publishers,<250,7
Harvill Press,250-499,2
Harvill Press,500-749,1
Haus Publishing,<250,1
Hawthorne Books,250-499,1
Hay House,250-499,2
Hay House,<250,5
Haymarket Books,<250,2
Haynes Manuals N. America  Inc.,250-499,1
Haynes Manuals N. America  Inc.,<250,1
Hazelden Publishing,<250,1
Hci,250-499,1
Headline,250-499,10
Headline,500-749,2
Headline,<250,2
Headline Book Pub Ltd,500-749,1
Headline Book Publishing,250-499,4
Headline Feature,250-499,1
Headline Review,250-499,7
Headline Review,500-749,4
Healing Arts Press,<250,2
Health Communications,250-499,1
Health Communications Inc,250-499,1
Health Communications Inc,500-749,1
Hearst Communications,500-749,1
Heinemann,<250,1
Heinemann Drama,<250,1
Heinemann Educational Books,<250,3
Heinemann Library,250-499,1
Heinemann Library,<250,1
Heinemann-Octopus,750-999,1
Heinle,500-749,1
Helen Marx Books,<250,1
Henry Holt,<250,1
Henry Holt & Company,250-499,1
Henry Holt & Company,<250,1
Henry Holt and Co.,<250,1
Henry Holt and Co. (BYR),<250,3
Henry Holt and Company,250-499,2
Here's Life Publishers,<250,1
Hesperus Press,<250,2
Heyne,250-499,3
Heyne,500-749,3
Heyne,<250,1
Heyne,>=1000,1
High Point Media,250-499,1
High Roads Media,250-499,1
HighBridge Company,<250,2
Highbridge Audio,<250,1
Hill & Wang,<250,1
Hill & Wang Publ. (NY),250-499,1
Hill and Wang,250-499,2
Hill and Wang,<250,4
Hiperión,<250,1
Hippo/Scholastic,>=1000,1
History Press Ltd,<250,1
Hodder,250-499,2
Hodder,<250,3
Hodder & Stoughton,250-499,3
Hodder & Stoughton,500-749,3
Hodder & Stoughton,>=1000,1
Hodder & Stoughton Educational Division,<250,1
Hodder & Stoughton Ltd,500-749,2
Hodder Audio,<250,1
Hodder Children's Books,<250,3
Hodder Mobius,<250,1
Hodder Wayland,<250,1
Hodder and Stoughton,250-499,1
Holiday House,<250,3
Holloway House,250-499,1
Holloway House,<250,1
Holt  Rinehart and Winston  Inc.,<250,1
Holt McDougal,250-499,4
Holt McDougal,500-749,1
Holt McDougal,750-999,1
Holt Paperbacks,250-499,2
Holt Paperbacks,500-749,3
Holt Paperbacks,<250,1
Honor Books,<250,2
Houghton Mifflin,250-499,9
Houghton Mifflin,500-749,2
Houghton Mifflin,<250,5
Houghton Mifflin,>=1000,3
Houghton Mifflin Co. (Boston/NY),250-499,1
Houghton Mifflin Company,250-499,2
Houghton Mifflin Company,500-749,2
Houghton Mifflin Company,<250,4
Houghton Mifflin Harcourt,250-499,14
Houghton Mifflin Harcourt,500-749,1
Houghton Mifflin Harcourt,750-999,1
Houghton Mifflin Harcourt,<250,18
Houghton Mifflin Harcourt,>=1000,5
Houghton Mifflin Harcourt P,250-499,1
Houghton Mifflin Harcourt P,<250,1
Houghton Mifflin/Seymour Lawrence,250-499,1
House of Anansi Press,250-499,1
House of Stratus,250-499,1
Hovel Audio,<250,2
Howard Books,250-499,2
Howard Publishing Co,250-499,1
Howard University Press,250-499,1
Hqn,250-499,2
Hub City Press,<250,1
Hungry Minds,250-499,1
Hungry Minds,<250,1
Hyperio,<250,1
Hyperion,250-499,3
Hyperion,<250,2
Hyperion Books,250-499,2
Hyperion Books,500-749,1
Hyperion Books,<250,1
Hyperion Books for Children,<250,2
Hyperion Paperbacks,250-499,1
IDW Publishing,<250,3
IVP Academic,500-749,1
IVP Academic,<250,2
IVP Books,250-499,1
IVP Books,<250,1
Icon Books,<250,3
Ig Publishing,<250,1
Ignatius Press,250-499,6
Ignatius Press,<250,3
Image,<250,1
Image Comics,250-499,1
Image Comics,<250,3
Impact,250-499,1
Impact,<250,1
Imprint Academic,250-499,1
Indiana University Press,250-499,4
Indiana University Press,<250,3
Indigo,250-499,1
IndyPublish.com,250-499,1
Inkling Books,250-499,1
Inner City Books,<250,1
Inner Light - Global Communications,<250,1
Inner Traditions,250-499,1
Inner Traditions International,500-749,1
Insel,250-499,1
Insel  Frankfurt,<250,1
Insight International,<250,1
Inter Varsity Press,250-499,1
Inter-Varsity Press,250-499,1
InterVarsity Press,<250,1
Intercultural Publishing,<250,1
Interlink Publishing Group,250-499,1
International Code Council,500-749,2
International Polygonics,250-499,1
International Publishers,<250,1
International Publishers (NYC),<250,1
Island,500-749,1
Island Books,250-499,1
Island Press,250-499,1
It Books,250-499,3
It Books,500-749,2
It Books,<250,3
Ivan R. Dee,250-499,1
Ivan R. Dee  Publisher,250-499,1
Ivan R. Dee Publisher,250-499,2
Ivan R. Dee Publisher,<250,2
Ivy Books,250-499,6
Ivy Books,<250,2
"Izdavačka agencija ""Draganić""",<250,1
J'AI LU,250-499,1
J'ai Lu,250-499,2
J'ai Lu,<250,8
J'ai lu,500-749,2
J'ai lu,<250,6
Jane Nissen Books,250-499,1
Jessica Kingsley Publishers,<250,1
Jimmy Patterson,<250,1
Joanna Cotler Books,<250,1
Joanna Cotler Books/HarperCollinsPublishers,<250,1
John F. Blair  Publisher,250-499,1
John F. Blair  Publisher,<250,1
John Wiley,250-499,1
John Wiley & Sons,250-499,5
John Wiley & Sons,500-749,1
John Wiley & Sons,<250,2
Johns Hopkins University Press,250-499,4
Johns Hopkins University Press,500-749,2
Johns Hopkins University Press,750-999,1
Johns Hopkins University Press,<250,1
Johnson Publishing Company (IL),750-999,1
Jonathan Cape,250-499,3
Jonathan Cape,<250,4
Jones & Bartlett Publishers,500-749,1
Jones Books,<250,1
Joshua Odell Editions,<250,1
Jossey-Bass,250-499,3
Jossey-Bass,<250,5
Jove,250-499,15
Jove,500-749,2
Jove,<250,1
Jove,>=1000,1
Jove Books,250-499,6
Jove Books,<250,1
Julia MacRae,250-499,2
Julie Andrews Collection,<250,1
Jump At The Sun,<250,1
Jump at the Sun,<250,1
K.G. Saur Verlag,250-499,1
Kabel  Verlag GmbH Ernst,250-499,1
Kaplan,250-499,2
Kaplan,500-749,2
Kaplan Publishing,250-499,1
Keep It Simple Books,<250,2
Kensington,250-499,14
Kensington,<250,1
Kensington Publishing Corporation,250-499,3
Kent State University Press,<250,1
Kent State University Press (OH),<250,1
Kessinger Publishing,250-499,1
Kessinger Publishing,<250,10
KiWi,750-999,1
Kids Can Press,<250,1
Kiepenheuer & Witsch,250-499,2
Kiepenheuer & Witsch,<250,1
Kindle,<250,1
Kingfisher,250-499,2
Kingfisher,<250,4
Klett,<250,1
Klincksieck,<250,1
Knopf,250-499,3
Knopf,500-749,2
Knopf,<250,8
Knopf Books for Young Readers,250-499,1
Knopf Books for Young Readers,750-999,1
Knopf Books for Young Readers,<250,4
Knopf Doubleday Publishing Group,250-499,1
Knopf Publishing Group,250-499,8
Knopf Publishing Group,500-749,3
Knopf Publishing Group,750-999,1
Knopf Publishing Group,<250,3
Knowledge Products,<250,1
Kodansha,250-499,2
Kodansha,<250,2
Kodansha America,250-499,1
Kodansha America,<250,1
Kodansha International,<250,2
Konemann,>=1000,1
Krause Publications,<250,1
Kregel Academic & Professional,<250,1
Kregel Publications,250-499,1
Kuperard,<250,1
Kyle Books,250-499,1
Kyle Books,<250,1
L.A. Weekly Books,250-499,1
LGF,250-499,1
LSU Press,750-999,1
LWW,250-499,1
LWW,>=1000,1
La factoría de ideas,250-499,1
Laffont,500-749,1
Lama Foundation (San Cristobal  NM),250-499,1
Lantern Books,<250,1
Large Print Press,250-499,1
Large Print Press,500-749,1
Lark Books,250-499,1
Lark Books,<250,1
Larousse,250-499,1
Larousse Kingfisher Chambers,<250,1
Lasser Press,500-749,1
Laurel,250-499,1
Laurel,<250,1
Laurel Leaf,250-499,2
Laurel Leaf,<250,6
Laurel Leaf Books,250-499,1
Laurel Leaf Library,250-499,5
Laurel Leaf Library,<250,4
Laurel Press,<250,1
Laurel-Leaf Books,<250,1
Lawbook Exchange  Ltd.,<250,1
Lawrence Hill Books,250-499,1
Le Livre de Poche,250-499,2
Le Livre de Poche,500-749,2
Le Livre de Poche,750-999,2
Le Livre de Poche,<250,1
Le Livre de Poche,>=1000,1
Learning Matters,<250,1
Lectorum,250-499,1
Lectorum Publications,<250,1
Leete's Island Books,<250,1
Legend,250-499,1
Leisure,250-499,1
Leisure Books,250-499,20
Leisure Books,<250,3
Lerner Publications,<250,4
Let's Go Publications,750-999,1
Libraries Unlimited,<250,1
Library of America,500-749,4
Library of America,750-999,17
Library of America,>=1000,31
Library of America (NY),750-999,1
Library of American Comics,250-499,1
Library of Liberal Arts/Bobb-Merrill (Indianapolis  IN),<250,1
Libros para ninos,<250,1
Liguori Publications,250-499,1
Limelight,250-499,1
Limelight Editions,250-499,1
Limitless Corporation,250-499,1
Lions,<250,1
Lippincott Williams & Wilkins,250-499,1
List,250-499,2
List,<250,1
List Taschenbuch,250-499,1
Listening Library,<250,3
Listening Library (Audio),<250,5
Literatura Random House,250-499,1
Little  Brown,250-499,2
Little  Brown & Company,250-499,2
Little  Brown & Company,750-999,3
Little  Brown & Company,<250,4
Little  Brown & Company (Boston/Toronto),750-999,1
Little  Brown & Company (Boston/Toronto),>=1000,1
Little  Brown Book Group,250-499,6
Little  Brown Book Group,500-749,4
Little  Brown Book Group,<250,3
Little  Brown Books for Young Readers,250-499,4
Little  Brown Books for Young Readers,<250,17
Little  Brown Young Readers,<250,4
Little  Brown and Company,250-499,15
Little  Brown and Company,500-749,1
Little  Brown and Company,750-999,2
Little  Brown and Company,<250,5
Little Apple,<250,1
Little Bookroom,<250,1
Little Brown,250-499,1
Little Brown,750-999,1
Little Brown and Company,250-499,11
Little Brown and Company,<250,2
Little Simon,<250,2
Live Oak Media,<250,1
Liveright,<250,1
Liveright Publishing Corp.,<250,1
Liveright/W.W. Norton & Company  Inc.,>=1000,1
Living Books,250-499,1
Livre de Poche,250-499,2
Livre de Poche,<250,1
Llewellyn Publications,250-499,1
Llewellyn Publications,<250,1
Llewellyn Publications,>=1000,1
Lodestar Books,<250,1
Loeb Classical Library,250-499,2
Loeb Classical Library,500-749,3
Loeb Classical Library 307,500-749,1
Loeb Classical Library 443,250-499,1
Loeb Classical Library/Harvard University Press,500-749,1
London : Collins  2004.,<250,1
London : Faber  2002,<250,1
Lone Oak Press,<250,1
Lonely Planet,250-499,2
Lonely Planet,750-999,1
Lonely Planet,<250,3
Lonely Planet,>=1000,1
Longman,<250,1
Longman Publishing Group,250-499,1
Longman Publishing Group,500-749,2
Longman Publishing Group,750-999,3
Longman Publishing Group,>=1000,1
Longman Schools Division (a Pearson Education Company),500-749,1
Longmeadow Press,500-749,1
Loose Id  LLC,250-499,1
Love Inspired,250-499,1
Love Spell,250-499,9
Loveswept,<250,1
Loyola Classics,250-499,1
Loyola Press (Chicago),<250,1
Luath Press Ltd,<250,1
Lucas Books,250-499,1
Lucent Books,<250,2
Lulu Press,250-499,1
Lulu.com,250-499,1
Lulu.com,<250,1
Lumen,250-499,1
Luna,250-499,1
Luna,500-749,1
Luna Books,250-499,7
Luna Books,500-749,3
Lyons Press,250-499,2
Lübbe,250-499,1
Lübbe,500-749,2
Lübbe,750-999,2
MIRA,250-499,6
MIRA,<250,3
MIT Press,250-499,3
MIT Press,500-749,1
MIT Press,<250,4
MIT Press (Cambridge  MA),250-499,1
MIT Press (MA),250-499,1
MJF Books,250-499,1
MONDIAL,250-499,2
MONDIAL,<250,2
MTV Books,250-499,1
MTV Books,<250,2
MacAdam/Cage,500-749,1
MacMillan,250-499,2
MacMillan Audio,<250,3
MacMillan Children's Books,<250,1
MacMillan General Books,250-499,1
MacMillan General Books,500-749,1
MacMillan General Books,>=1000,1
MacMillan Publishing Company,250-499,1
MacMillan Publishing Company,<250,1
MacMillan UK,<250,1
Macmillan,<250,2
Macmillan Audio,<250,7
Macmillan Children's Books,<250,1
Macmillan Publ. Co.,250-499,1
Macmillan Publishing Company/Collier Books,<250,1
Main Street Books,250-499,2
Malhavoc Press,<250,1
Management Books 2000,250-499,1
Manchester University Press,500-749,1
Manesse Verlag,750-999,1
Manning Publications,250-499,1
Manning Publications,500-749,1
Margaret K. McElderry Books,250-499,2
Margaret K. McElderry Books,<250,2
Mariner Books,250-499,91
Mariner Books,500-749,16
Mariner Books,750-999,1
Mariner Books,<250,38
Mariner Books,>=1000,4
Mariner Books / Harvest Books,250-499,1
Marion Boyars Publishers,250-499,1
Marion Boyars Publishers,500-749,1
Marion Boyars Publishers Ltd,250-499,1
Marion Boyars Publishers Ltd,<250,1
Mark Cahill Ministries,250-499,1
Marlowe & Company,250-499,1
Marshall Cavendish Editions,750-999,1
Marsilio Publishers,<250,1
Martínez Roca,<250,1
Marvel,250-499,1
Marvel,<250,19
Marvel,>=1000,1
Marvel Comics,250-499,2
Marvel Comics,<250,1
Marvel Comics Group,250-499,3
Marvel Comics Group,<250,4
Material World,250-499,1
Maxima New Media,<250,1
Mayfield Publishing Company (NY),<250,1
McClelland & Stewart,250-499,1
McClelland & Stewart,<250,1
McClelland and Stewart,250-499,1
McDougal Littel,750-999,1
McFarland & Company,250-499,1
McGraw-Hill,250-499,1
McGraw-Hill,500-749,1
McGraw-Hill,<250,1
McGraw-Hill Companies,250-499,3
McGraw-Hill Companies,750-999,1
McGraw-Hill Companies,<250,2
McGraw-Hill Education,250-499,4
McGraw-Hill Education,<250,4
McGraw-Hill Humanities/Social Sciences/Languages,250-499,1
McGraw-Hill Humanities/Social Sciences/Languages,500-749,1
McGraw-Hill Humanities/Social Sciences/Languages,750-999,1
McGraw-Hill Medical Publishing,>=1000,1
McGraw-Hill Professional Publishing,<250,1
McGraw-Hill Professional Publishing,>=1000,1
McGraw-Hill Science/Engineering/Math,750-999,1
McGraw-Hill/Glencoe,<250,1
McSweeney's,250-499,7
McSweeney's,<250,5
Meisha Merlin Publishing,250-499,1
Meisha Merlin Publishing,500-749,3
Mel Bay Publications  Inc.,<250,1
Melodrama Publishing,250-499,1
Melville House Publishing,<250,2
Meredith Corporation,<250,1
Merlin Publishing,<250,1
Mestas Ediciones,250-499,1
Methuen Drama,<250,1
Methuen Publishing,<250,3
MetroBooks (NY),500-749,1
MetroBooks (NY),<250,1
Metropolitan Books,250-499,1
Metropolitan Books/Henry Holt & Co. (NY),<250,1
Michael Joseph,250-499,1
Michael Joseph Ltd./Penguin Books Ltd.,250-499,1
Michael O'Mara,<250,1
Michael O'Mara Books,<250,1
Microsoft Press,250-499,2
Microsoft Press,750-999,2
Middlesex University Press,250-499,1
Middleway Press,<250,1
Midnight Ink,<250,1
Mikaya Press,<250,1
Millenium,250-499,1
Millenium,<250,1
Millipede Press,250-499,1
Mills & Boon,250-499,1
Minnesota Heritage Publishing,250-499,1
Minnesota Historical Society Press,250-499,2
Minotaur Books,250-499,9
Minotaur Books,500-749,1
Mira,250-499,3
Mira (Mills and Boon),250-499,1
Mira Books,250-499,7
Mira Books,500-749,2
Mira Books,<250,2
Mira books,250-499,1
Miramax,250-499,1
Miramax,500-749,1
Miramax,750-999,1
Miramax Books,250-499,2
Miramax Books,500-749,1
Miramax Books,<250,1
Mirrorstone,<250,1
Modern Language Association of America,<250,1
Modern Library,250-499,32
Modern Library,500-749,17
Modern Library,750-999,6
Modern Library,<250,18
Modern Library,>=1000,9
Modern Library (NY),250-499,1
Modern Library Classics,500-749,1
Modern Library Classics,750-999,1
Modern Library/Random House (NY),250-499,1
Modern Library/Random House (NY),>=1000,1
Modern Publishing,<250,1
Mondadori,250-499,3
Mongoose Publishing,<250,1
Monkfish Book Publishing,<250,1
Monolith Graphics,250-499,1
Montena,250-499,3
Montlake Romance,<250,1
Moody Publishers,250-499,2
Moody Publishers,<250,4
Moody Publishers (Chicago),250-499,1
Morgan Road Books,250-499,1
Morpheus International,<250,1
Morrow,>=1000,1
Motilal Banarsidass,500-749,1
Motorbooks,250-499,1
Motorbooks International,<250,1
Mountaineers Books,250-499,1
Moyer Bell and its subsidiaries,250-499,5
Multnomah,250-499,1
Multnomah,<250,3
Multnomah Books,250-499,1
Multnomah Books,500-749,1
Multnomah Books,<250,2
Museum of Modern Art,<250,1
Mysterious Press,250-499,3
Mysterious Press,<250,1
Mythopoeic Press,250-499,1
Métailié,<250,1
NAL,250-499,13
NAL,500-749,1
NAL,750-999,3
NAL,<250,3
NAL,>=1000,1
NAL Books,500-749,1
NAL Jam,<250,1
NAL Trade,250-499,3
NYRB Classics,250-499,8
NYRB Classics,<250,6
Naiad Press,<250,2
Nan A. Talese,250-499,2
Nan A. Talese,<250,1
Nantier Beall Minoustchine Publishing,<250,1
Napoleon and Co,250-499,1
Nation Books,<250,1
National Gallery London,<250,1
National Geographic,250-499,2
National Geographic,<250,1
National Geographic Children's Books,<250,1
National Geographic Society,250-499,1
National Geographic Society,500-749,2
National Geographic Society,<250,2
National Park Service,250-499,1
Naxos Audiobooks,250-499,1
Naxos Audiobooks,<250,3
Neil Wilson Publishing,<250,1
Nelson Books,<250,2
Nelson Current,500-749,1
Nelson Reference & Electronic Publishing,250-499,1
Nelson Thornes Ltd,250-499,1
New American Library,250-499,3
New American Library,<250,1
New City Press,250-499,2
New City Press,500-749,1
New City Press,<250,1
New Directions,250-499,8
New Directions,500-749,1
New Directions,<250,12
New Directions Publishing,<250,1
New Directions Publishing Corporation,250-499,1
New Directions Publishing Corporation,500-749,1
New Directions Publishing Corporation,<250,4
New English Library,250-499,3
New English Library (Hodder & Stoughton),500-749,1
New Falcon Publications,250-499,1
New Harbinger Publications,<250,1
New Island Books,<250,2
New Millennium Library,<250,1
New Page Books,<250,1
New Press,250-499,1
New Press,<250,2
New Press  The,250-499,1
New Press (NY),250-499,1
New Riders Publishing,250-499,2
New Riders Publishing,<250,1
New Tradition Books,<250,1
New World Library,<250,3
New World Publishing,<250,1
New York : Penguin Books,250-499,1
New York Review Children's Collection,250-499,1
New York Review of Books,250-499,2
New York Review of Books,500-749,1
New York Review of Books,<250,3
New York University Press,250-499,2
New York: Random House,<250,1
Newmarket,<250,1
Newmarket Press,<250,5
Nicholas Brealey,250-499,1
Nick Hern Books,<250,4
Night Shade,<250,1
Night Shade Books,250-499,1
Nimble Books,<250,1
No Exit Press,250-499,5
No Starch Press,250-499,1
Nonpareil Books,250-499,1
Nonsuch Publishing,<250,1
Noonday Press,250-499,1
Norma,250-499,1
Norma Editorial,250-499,1
North Atlantic Books,250-499,1
North Atlantic Books,750-999,1
North Atlantic Books,<250,2
North Light Books,<250,2
North Point Press,250-499,3
North Point Press,500-749,1
North Point Press,<250,2
North Star Publications (MA),<250,1
Northeastern University Press,<250,1
Northwestern Univ Press,>=1000,1
Northwestern University Press,250-499,2
Northwestern University Press,500-749,1
Northwestern University Press,<250,3
Northwestern University Press,>=1000,1
Norton,250-499,2
Norton and Co.,500-749,1
Nostalgia Ventures,<250,1
Not Avail,250-499,1
Not Avail,500-749,1
Not Avail,<250,2
Not Avail,>=1000,1
Nova Audio Books,<250,1
Nova Fronteira,<250,1
Nymphenburger,<250,2
O'Brien Press,<250,1
O'Reilly Media,250-499,4
O'Reilly Media,500-749,3
O'Reilly Media,750-999,3
OUP Oxford,250-499,3
OUP Oxford,500-749,1
Oberlin College Press,<250,1
Oberon Books,<250,1
Octopus Books,750-999,1
Octopus Books (London),750-999,1
Oddysey/Harcourt Young Classics,<250,1
Odonian Press,<250,3
Ohio State University Press,250-499,1
Omnibus Hc Bei Bertelsmann,<250,1
Omnibus Press,250-499,1
Omnibus Press,<250,1
Omohundro Institute and University of North Carolina Press,500-749,1
One Hour Entertainment,<250,1
One World (UK),250-499,1
One World (UK),<250,1
One World/Ballantine,250-499,1
Oni Press,<250,3
Onyx,250-499,10
Onyx Books,500-749,1
Open Court,250-499,8
Open Court,<250,4
Open Court Publishing Company,250-499,1
Open Heaven Publications,<250,1
Orb Books,250-499,15
Orb Books,500-749,1
Orb Books,<250,1
Orbis Books,250-499,1
Orbis Books,<250,1
Orbit,250-499,4
Orbit,500-749,3
Orbit,750-999,2
Orbit Books,500-749,1
Orchard,<250,1
Orchard Books,250-499,1
Orchard Books,<250,6
Orchard Books (NY),<250,1
Oregon State University Press,<250,1
Orion,250-499,8
Orion,500-749,3
Orion,<250,4
Orion (an Imprint of The Orion Publishing Group Ltd ),500-749,1
Orion Books,250-499,1
Orion Books,750-999,1
Orion Books,<250,1
Orion Children's Books,<250,1
Orion Paperbacks,<250,1
Orion Publishing,250-499,1
Orion Publishing,500-749,1
Orion Publishing,750-999,1
Orion Publishing Co,250-499,1
Orion Publishing Co.,<250,1
Orion Publishing Group,250-499,2
Orion Publishing Group,500-749,1
Orion Publishing Group  Ltd.,<250,1
Osprey Publishing,<250,1
Other Press (NY),250-499,1
Our Daily Bread Publishing,250-499,1
Overeaters Anonymous  Incorporated,<250,1
Overlook Press,500-749,1
Overlook Press,<250,1
Overlook TP,250-499,1
Overlook TP,500-749,1
Owl Books,250-499,1
Owl Books,500-749,1
Owl Books (Henry Holt),<250,1
Owl Books (NY),500-749,1
Owl Publishing Company,250-499,1
Owlet Paperbacks,<250,1
Oxford University Press,250-499,37
Oxford University Press,500-749,12
Oxford University Press,750-999,3
Oxford University Press,<250,18
Oxford University Press,>=1000,3
Oxford University Press  USA,250-499,30
Oxford University Press  USA,500-749,12
Oxford University Press  USA,750-999,3
Oxford University Press  USA,<250,27
Oxford University Press  USA,>=1000,3
P & R Publishing,<250,1
P. F. Collier and Sons,500-749,1
Palgrave Macmillan,250-499,3
Palgrave Macmillan,<250,4
Pan,250-499,2
Pan,<250,2
Pan,>=1000,1
Pan Australia,<250,1
Pan Books,500-749,1
Pan Childrens,<250,1
Pan MacMillan,250-499,3
Pan MacMillan,<250,1
Pan Macmillan Ltd. (London),250-499,1
Pan Publishing,250-499,1
Pan Publishing,500-749,2
Panamericana Editorial,250-499,1
Pantheon,250-499,7
Pantheon,<250,7
Pantheon Books,250-499,4
Pantheon Books,<250,8
Pantheon Books (NY),<250,1
Panther,250-499,1
Paperback Library,250-499,1
Paraglyph Press,250-499,1
Paris Press,<250,1
Park Street Press,250-499,1
Parker Publishing Llc,250-499,1
Patmos,<250,1
Paul Dry Books,250-499,4
Paul Dry Books,<250,1
Paul Mellon Centre BA,500-749,1
Paul S. Eriksson,<250,1
Paulist Press,<250,2
Pavement Saw Press,500-749,1
Pavilion Press (Wi),<250,1
Payot,250-499,2
Peachpit Press,250-499,4
Pearson,250-499,5
Pearson,500-749,1
Pearson,<250,8
Pearson Education,500-749,1
Pearson Longman,250-499,1
Peerage Books,500-749,1
Pegasus Books,250-499,1
Pelican Publishing,500-749,1
Pelican Publishing,<250,1
Pelican Publishing Company,<250,1
Pen & Sword Military,<250,1
Penguin,250-499,25
Penguin,500-749,9
Penguin,750-999,5
Penguin,<250,18
Penguin,>=1000,1
Penguin (Business),250-499,1
Penguin (Non-Classics),500-749,1
Penguin (Non-Classics),<250,1
Penguin Audio,<250,2
Penguin Audio UK,<250,1
Penguin Book Limited,<250,1
Penguin Books,250-499,129
Penguin Books,500-749,32
Penguin Books,750-999,12
Penguin Books,<250,82
Penguin Books,>=1000,6
Penguin Books  Limited (UK),250-499,2
Penguin Books  Limited (UK),<250,3
Penguin Books (London),250-499,1
Penguin Books (NY),250-499,1
Penguin Books (NYC),250-499,1
Penguin Books (Penguin Classics),<250,1
Penguin Books /Penguin Classics,500-749,1
Penguin Books Australia Ltd.,500-749,1
Penguin Books Australia Ltd.,750-999,1
Penguin Books Canada,250-499,1
Penguin Books Limited,250-499,1
Penguin Books Limited,500-749,1
Penguin Books Limited,<250,1
Penguin Books Ltd,250-499,9
Penguin Books Ltd,500-749,5
Penguin Books Ltd,750-999,2
Penguin Books Ltd,<250,12
Penguin Books Ltd,>=1000,2
Penguin Books Ltd.,250-499,1
Penguin Books Ltd.,500-749,1
Penguin Books Ltd. (London),500-749,1
Penguin Books USA Inc.,250-499,1
Penguin Books in association with Faber & Faber,<250,1
Penguin Books/Penguin Popular Classics,500-749,1
Penguin Classic,750-999,1
Penguin Classics,250-499,86
Penguin Classics,500-749,28
Penguin Classics,750-999,7
Penguin Classics,<250,52
Penguin Classics,>=1000,11
Penguin Classics Deluxe Edition,500-749,1
Penguin Classics Deluxe Editions,<250,1
Penguin Essential Editions,250-499,1
Penguin Global,750-999,1
Penguin Global,<250,1
Penguin Group,250-499,2
Penguin Group,<250,1
Penguin Group (USA),250-499,1
Penguin Group (USA),<250,2
Penguin Group(CA),<250,2
Penguin Press,250-499,1
Penguin Press,>=1000,1
Penguin Press HC  The,250-499,2
Penguin Press HC  The,750-999,1
Penguin Press HC  The,<250,1
Penguin Putnam,<250,1
Penguin Signet,500-749,1
Penguin UK,250-499,4
Penguin Workshop,<250,2
Penguin Young Readers,<250,1
Penguin-HighBridge,<250,1
Penguin/Viking Compass (Non-Classics),250-499,1
Perennial,250-499,1
Perennial / William Morrow / HarperCollins,250-499,1
PerfectBound,<250,1
PerfectBound (HarperCollins),500-749,1
Perfection Learning,<250,2
Perigee Trade,250-499,1
Perigee Trade,<250,1
Peripatetic Press,250-499,1
Peter Owen Ltd,250-499,1
Peter Owen Publishers,<250,1
Peter Smith Publisher,250-499,1
Peter Smith Publisher  Inc.,250-499,1
Pfeiffer & Company,<250,1
Phaidon Press,250-499,1
Phaidon Press,500-749,1
Phaidon Press,<250,2
Pharos Books,250-499,1
Philomel Books,250-499,3
Philomel Books,<250,1
Phoenix,250-499,3
Phoenix,500-749,1
Phoenix,<250,2
Phoenix Audio,<250,2
Phoenix Books/University of Chicago Press (IL),250-499,1
Phoenix Press,500-749,1
Phoenix Press (UK),500-749,1
Phébus,250-499,1
Pi Press,250-499,1
Piatkus,250-499,1
Piatkus Books,250-499,1
Piatkus Books,500-749,1
Picador,250-499,25
Picador,500-749,6
Picador,<250,9
Picador  Macmillan Publishers Ltd,250-499,1
Picador USA,250-499,16
Picador USA,500-749,5
Picador USA,750-999,1
Picador USA,<250,6
Picture Book Studio Ltd,<250,1
Piemme,250-499,1
Pimlico,250-499,2
Pimlico,500-749,1
Pimsleur,<250,1
Pineapple Press,<250,1
Pinnacle,250-499,7
Pinter & Martin Ltd,<250,1
Piper,250-499,1
Piper,500-749,1
Piper Taschenbuch,<250,1
Piper Verlag,250-499,1
Pippin Publishing,<250,1
Planeta,250-499,2
Planeta Publishing,250-499,8
Planeta Publishing,500-749,3
Planeta Publishing,<250,2
Plaza & Janes Editores  S.A.,500-749,1
Plaza & Janes Editores Sa,500-749,1
Plaza & Janés,<250,1
Plaza & Janés Editores  S.A.,250-499,1
Plaza & Janés Mexico,500-749,1
Plaza y Janes,250-499,6
Plaza y Janes,500-749,3
Plaza y Janes,<250,5
Plaza y Janés,250-499,3
Plaza y Janés,500-749,1
Plaza y Janés,<250,1
Plexus Publishing,<250,2
Plexus Publishing Ltd,<250,1
Plume,250-499,20
Plume,500-749,3
Plume,<250,11
Plume,>=1000,2
Plume (Penguin Books Ltd),250-499,1
Plume Books,250-499,7
Plume Books,<250,6
Pluto Press,250-499,1
Pocket,250-499,10
Pocket,500-749,4
Pocket,750-999,1
Pocket,<250,2
Pocket Books,250-499,66
Pocket Books,500-749,25
Pocket Books,750-999,5
Pocket Books,<250,13
Pocket Books,>=1000,2
Pocket Books / Simon & Schuster  Inc.,500-749,1
Pocket Books/Simon & Schuster (NY),250-499,1
Pocket Books/Star Trek,250-499,1
Pocket Books: Gallery Books,250-499,1
Pocket Star,250-499,11
Pocket Star,500-749,1
Pocket Star Books,250-499,4
Pocket Star Books,500-749,1
Pogue Press,250-499,1
Points,250-499,1
Poisoned Pen Press,250-499,1
Poisoned Pen Press,<250,1
Polity Press,<250,4
Polychrome Publishing Corporation,<250,1
Polyface,<250,1
Polygon,<250,1
Pomegranate Communications,<250,1
Poorhouse Press,<250,1
Poppy,<250,2
Porrua,<250,1
Portable Press,<250,1
Portfolio,<250,1
Poseidon Press,250-499,1
Possibilities,<250,2
Potomac Books,500-749,1
Potomac Books,<250,1
Power Press,<250,1
Praeger,>=1000,1
Praeger Publishers,<250,1
Pragmatic Bookshelf,250-499,1
Pragmatic Bookshelf,500-749,1
Pragmatic Bookshelf,750-999,1
Pragmatic Bookshelf,<250,1
Prentice Hall,250-499,4
Prentice Hall,500-749,8
Prentice Hall,750-999,3
Prentice Hall,<250,3
Prentice Hall,>=1000,3
Prentice Hall PTR,500-749,1
Prentice Hall Press,250-499,1
Prentice Hall/Library of Liberal Arts,250-499,1
Prentice Hall/Scribner/Macmillan,250-499,1
Prentice Hall/Simon & Schuster Company (Englewood Cliffs  NJ),250-499,1
Presidio Press,250-499,1
Presses de La Cite,<250,1
Prestel Publishing,<250,1
Prestwick House,<250,1
Prestwick House - (Literary Touchstone Classic),<250,1
Price Stern Sloan,<250,7
Prima Games,250-499,1
Prima Games,<250,4
Prima Lifestyles,<250,1
Princeton Architectural Press,<250,2
Princeton University Press,250-499,15
Princeton University Press,500-749,3
Princeton University Press,750-999,2
Princeton University Press,<250,12
Princeton University Press,>=1000,1
Princeton University Press (NJ),<250,1
Princeton University Press (NJ),>=1000,1
Profile Books,<250,2
Project Management Institute,<250,1
Prometheus Books,250-499,1
Prometheus Books,500-749,2
Prometheus Books,<250,3
Providence Forum Press,>=1000,1
Psychology Press,250-499,1
Psychology Press,<250,1
Public Square Books,250-499,1
Public Square Books,<250,2
PublicAffairs,250-499,1
PublicAffairs,<250,1
Puffin,250-499,2
Puffin,<250,18
Puffin,>=1000,1
Puffin Audiobooks,<250,1
Puffin Books,250-499,4
Puffin Books,<250,46
Puffin Books (Penguin Books),750-999,1
Puffin Group,<250,1
Punto de Lectura,250-499,6
Punto de Lectura,500-749,3
Purple House Press,<250,1
Push,250-499,2
Push,<250,3
Putnam,250-499,2
Putnam,500-749,1
Putnam Adult,250-499,4
Putnam Adult,500-749,2
Putnam Adult,750-999,2
Putnam Publishing Group,250-499,3
Putnam Publishing Group,<250,1
Puzzle-Roca,500-749,1
Puzzle-Via Magna,250-499,1
Pygmalion Editions,<250,1
Pyramid Books,<250,1
Quality Paperback Book Club,250-499,1
Quality Paperback Book Club,750-999,1
Quarry Press,250-499,1
Quest Books,250-499,1
Quest Books,<250,1
Quill,250-499,1
Quill,<250,1
Quinteto,250-499,1
RH Audio,<250,2
RH Audio Price-less,<250,1
RP Minis,<250,1
Raintree,<250,1
Random House,250-499,16
Random House,500-749,4
Random House,750-999,2
Random House,<250,7
Random House,>=1000,1
Random House  Inc.,250-499,2
Random House  Inc.,750-999,1
Random House  for Young Readers,<250,1
Random House (NY),250-499,4
Random House (NY),500-749,1
Random House (NY),<250,1
Random House (Vintage),<250,1
Random House Anchor,<250,1
Random House Audio,<250,33
Random House Audio Publishing Group,250-499,1
Random House Audio Publishing Group,<250,10
Random House Books for Young Readers,250-499,2
Random House Books for Young Readers,<250,36
Random House Children's Books,<250,3
Random House Inc.,500-749,1
Random House Large Print,250-499,1
Random House Large Print,750-999,1
Random House Large Print Publishing,250-499,1
Random House Mondadori,250-499,1
Random House Mondadori,500-749,1
Random House Para Ninos,<250,1
Random House Puzzles & Games,250-499,1
Random House Reference Publishing,250-499,1
Random House Trade,250-499,8
Random House Trade,500-749,3
Random House Trade,<250,3
Random House Trade Paperbacks,250-499,16
Random House Trade Paperbacks,500-749,2
Random House Trade Paperbacks,750-999,1
Random House Trade Paperbacks,<250,3
Random House Trade Paperbacks,>=1000,1
Random House UK Distribution,<250,1
Random House UK Ltd (A Division of Random House Group),<250,1
Random House Value Publishing,250-499,4
Random House Value Publishing,500-749,4
Random House Value Publishing,750-999,3
Random House Value Publishing,<250,7
Random House Value Publishing/TheViking Press,750-999,1
Random House Vintage,250-499,1
Random House Vintage Books,<250,1
Random House for Young Readers,<250,5
Random House: Modern Library,250-499,1
Random house,250-499,1
Ravensburger Buchverlag,<250,1
Rayo,250-499,1
Rayo,500-749,1
Rayo,<250,4
Razorbill,250-499,2
Rba Libros,500-749,1
Re/Search Publications,<250,1
Reader's Digest Association,<250,1
Readers Digest,250-499,1
Readers Digest.,250-499,1
Reaktion Books,<250,1
Rebel Press,<250,1
Reclam,<250,1
Reclam  Ditzingen,250-499,1
Reclam  Leipzig,250-499,1
Record,<250,1
Recorded Books,<250,4
Recorded Books  Inc.,<250,6
Red Dress Ink,250-499,6
Red Fox,250-499,3
Red Hen Pr,<250,1
Redleaf Press,<250,1
Regal Books,<250,1
Regan Books,250-499,1
ReganBooks,250-499,1
ReganBooks,<250,1
Regnery History,250-499,1
Regnery Publishing,250-499,2
Regnery Publishing,<250,1
Renaissance Books,250-499,1
Replica Books,500-749,1
Revive Publishing,250-499,1
Rick Steves,750-999,2
Rider,<250,1
Rivages,250-499,1
River City Publishing,500-749,1
Riverhead Books,250-499,18
Riverhead Books,500-749,3
Riverhead Books,<250,5
Riverhead Hardcover,250-499,2
Riverrun Press (New York  NY),<250,1
Rizzoli,250-499,4
Rizzoli International Publications,<250,2
Roaring Brook Press,<250,2
Robert Laffont,250-499,2
Robert Laffont,500-749,1
Robert Rose,500-749,1
Roberts Rinehart Publishers,<250,1
Robson Books  London,500-749,1
Roc,250-499,6
Roc,500-749,2
Roc Hardcover,<250,1
Roc Trade,<250,1
Roca Editorial,250-499,1
Roca Editorial,<250,1
Rockport Publishers,<250,1
Rodale Books,250-499,6
Ronin Publishing (CA),<250,1
Rosenberg Publishing,250-499,1
Rough Guides,250-499,2
Rough Guides,500-749,2
Rough Guides,>=1000,1
Routledge,250-499,13
Routledge,500-749,4
Routledge,<250,16
Routledge Classics,250-499,1
Routledge Classics,<250,1
Routledge Falmer,250-499,1
Routledge Taylor & Francis Books Ltd imprint,250-499,1
Routledge/Taylor & Francis Ltd.,500-749,1
Rowman & Littlefield Publishers,<250,4
Rowohlt,500-749,1
Rowohlt Taschenbuch Verlag GmbH,<250,1
Rowohlt Tb,<250,1
Rowohlt Tb.,>=1000,1
Rowohlt Verlag,250-499,2
Rowohlt Verlag,500-749,1
Roxford Books,<250,1
Rufus Publications,<250,1
Running Press,250-499,6
Running Press,500-749,3
Running Press,<250,2
Running Press Adult,250-499,2
Running Press Adult,<250,1
Running Press Book Publishers,<250,1
Running Press Book Publishers,>=1000,1
Running Press Kids,<250,1
Rupa & Co,<250,1
Russell Enterprises,<250,1
Rutgers University Press,250-499,2
Rutgers University Press,500-749,1
Rutgers University Press,<250,1
Rux Martin/Houghton Mifflin Harcourt,<250,1
Ryland Peters & Small,<250,1
SCM Press,<250,1
Saddleback Educational Publishing  Inc.,<250,1
Sage Publications  Inc,250-499,1
Sage Publications Ltd,<250,1
Sagebrush,250-499,1
Salamandra,250-499,1
Salamandra,500-749,1
Salamandra,750-999,1
Salamandra,<250,1
Salani,<250,1
Salem Press Inc,<250,1
SaltRiver,<250,1
Samhain Publishing,<250,1
Sams,500-749,1
Sams,>=1000,1
Samuel French  Inc.,<250,2
Samuel French Ltd,<250,2
San Val,<250,1
Santillana USA Publishing Company,250-499,4
Sarah Crichton Books,<250,1
Sasquatch Books,<250,1
Saunders,250-499,1
Sceptre,250-499,1
Sceptre,500-749,1
Schirmer Mosel,<250,1
Schirmer/Mosel,250-499,1
Schocken,250-499,7
Schocken,500-749,1
Schocken,<250,5
Schocken Books,250-499,2
Schocken Books,500-749,1
Schocken Books Inc,250-499,2
Scholastic,250-499,5
Scholastic,<250,26
Scholastic,>=1000,2
Scholastic  Inc.,250-499,1
Scholastic  Inc.,<250,8
Scholastic Audio Books,<250,2
Scholastic Books,<250,3
Scholastic Inc,<250,1
Scholastic Inc.,250-499,5
Scholastic Inc.,500-749,1
Scholastic Inc.,750-999,1
Scholastic Inc.,<250,6
Scholastic Nonfiction,<250,1
Scholastic Paperbacks,250-499,1
Scholastic Paperbacks,500-749,2
Scholastic Paperbacks,<250,53
Scholastic Press,250-499,2
Scholastic Press,<250,5
Scholastic Reference,<250,1
School Specialty Publishing,<250,1
Schwartz & Wade Books,<250,1
Science Fiction Book Club,500-749,1
Scribner,250-499,43
Scribner,500-749,10
Scribner,750-999,3
Scribner,<250,16
Scribner,>=1000,1
Scribner Book Company,250-499,4
Scribner Book Company,500-749,2
Scribner Book Company,<250,2
Scribner Classics,250-499,2
Seal,250-499,1
Seal Books,250-499,2
Seal Books,500-749,1
Seal Press,250-499,1
Secker,500-749,1
Secker and Warburg,250-499,1
See Sharp Press,250-499,1
Seix Barral,250-499,2
Seix Barral,<250,1
Self-Realization Fellowship Publishers,<250,1
Semiotext(e),500-749,1
Sensory Resources,<250,1
Sentient Publications,<250,1
Serpent's Tail,250-499,1
Serpent's Tail,<250,4
Serpents Tail,250-499,1
Servant Publications,<250,1
Seuil,250-499,1
Seven Stories Press,250-499,2
Seven Stories Press,<250,4
Severn House,250-499,1
Severn House Publishers,250-499,5
Severn House Publishers,<250,5
Shadow Mountain,250-499,2
Shambhala,250-499,8
Shambhala,<250,6
Shambhala Publications,250-499,1
Shaw,<250,1
Shaw Books,250-499,1
Shaye Areheart Books,250-499,1
Shepard Publications,<250,1
Sholom Aleichem Family Publications,250-499,1
Shueisha,<250,3
Sidgwick & Jackson Ltd,250-499,1
Sidran Press,<250,1
Sierra Club Books,250-499,1
Siete Cuentos,<250,1
Signet,250-499,41
Signet,500-749,10
Signet,750-999,5
Signet,<250,9
Signet,>=1000,1
Signet Book,250-499,2
Signet Book,500-749,3
Signet Book,<250,4
Signet Books (NY),250-499,1
Signet Classic,<250,1
Signet Classics,250-499,12
Signet Classics,500-749,6
Signet Classics,<250,5
Silhouette,250-499,3
Silhouette,500-749,1
Silhouette,<250,2
Silhouette Bombshell,250-499,1
Silhouette Books,250-499,5
Silhouette Books,500-749,1
Silhouette Books,<250,1
Silhouette Desire,<250,4
Silhouette Romance,<250,2
Silhouette Special Edition,250-499,2
Siloam,<250,1
Simon  Schuster,250-499,34
Simon  Schuster,500-749,12
Simon  Schuster,750-999,2
Simon  Schuster,<250,16
Simon  Schuster,>=1000,1
Simon  Schuster Audio,<250,9
Simon  Schuster Books for Young Readers,250-499,1
Simon  Schuster Books for Young Readers,<250,6
Simon  Schuster/Paula Wiseman Books,<250,4
Simon & Schuster,250-499,25
Simon & Schuster,500-749,8
Simon & Schuster,750-999,6
Simon & Schuster,<250,5
Simon & Schuster (Trade Division),250-499,1
Simon & Schuster (Trade Division),<250,1
Simon & Schuster Adult Publishing Group,250-499,1
Simon & Schuster Aladddin Paperbacks,<250,1
Simon & Schuster Audio,<250,10
Simon & Schuster Books for Young Readers,250-499,2
Simon & Schuster Books for Young Readers,<250,1
Simon & Schuster Children's Publishing,<250,1
Simon & Schuster Childrens Books,<250,7
Simon & Schuster Libros en Español,250-499,1
Simon & Schuster Paperbacks,750-999,1
Simon & Schuster Simon Pulse,250-499,1
Simon & Schuster; Media Tie-In edition,250-499,1
Simon Publications,250-499,1
Simon Pulse,250-499,13
Simon Pulse,<250,2
Simon Schuster,250-499,3
Simon Schuster,<250,1
Simon and Schuster,250-499,2
Simon and Schuster,<250,3
Simple Productions,<250,1
Sinauer Associates,500-749,1
Skinner House Books,250-499,1
Sky Books (NY),250-499,1
Skylight Paths Publishing,250-499,1
Sleeping Bear Press,<250,2
Small Beer Press,250-499,1
Small Beer Press,<250,1
Smart Pop,<250,3
Smithmark Publishers,250-499,1
Smithmark Publishers,750-999,1
Smithsonian Books,<250,1
Soft Skull Press,<250,2
Soho Crime,250-499,3
Soho Press,250-499,1
Soho Press,<250,1
Sophia Institute Press,250-499,1
Soundings,<250,2
Sounds True,<250,1
Sourcebooks,250-499,2
Sourcebooks,<250,1
South End Press,250-499,1
South End Press (Boston),250-499,1
Southern Methodist University Press,250-499,1
Souvenir Press,250-499,1
Souvenir Press,<250,2
Sovereign World,<250,1
Spark Publishing,<250,1
SparkNotes,250-499,3
SparkNotes,<250,8
Speak,250-499,3
Speak,<250,4
Specialty Press,<250,1
Spectra,250-499,9
Spectra,500-749,9
Spectra,750-999,1
Spectra,<250,3
Spectra Books,250-499,8
Spectra Books,500-749,2
Spectra Books,750-999,1
Spectra/Bantam Books (NYC),250-499,1
Sphere,250-499,1
Sphere,500-749,2
Sphere,<250,1
Springer,500-749,2
Springer,<250,3
Square Fish,250-499,1
Square Fish,<250,5
Square One Publishers,<250,1
St. Augustines Press,<250,1
St. Martin's,250-499,1
St. Martin's Griffin,250-499,28
St. Martin's Griffin,500-749,2
St. Martin's Griffin,750-999,2
St. Martin's Griffin,<250,11
St. Martin's Minotaur,250-499,1
St. Martin's Paperback,250-499,1
St. Martin's Paperbacks,250-499,25
St. Martin's Paperbacks,500-749,11
St. Martin's Paperbacks,750-999,1
St. Martin's Press,250-499,30
St. Martin's Press,500-749,3
St. Martin's Press,750-999,1
St. Martin's Press,<250,9
St. Martin's Press,>=1000,1
St. Martin's True Crime,250-499,2
St. Martins Press,250-499,2
St. Martins Press-3PL,250-499,7
St. Martins Press-3PL,<250,2
Stackpole Books,250-499,1
Stanford University Press,500-749,1
Stanford University Press,<250,2
Stanford University Press (Stanford  CA),250-499,1
Star Trek,250-499,2
Starcatcher Press,<250,2
Starfire,>=1000,1
Starscape,250-499,3
Starscape,<250,2
State University of New York Press,<250,1
Steerforth,250-499,1
Steerforth,<250,1
Steerforth Press,250-499,1
Steidl,<250,1
Stenhouse Publishers,250-499,1
Sterling,250-499,1
Sterling,500-749,1
Sterling,<250,13
Sterling Children's Books,<250,1
Sterling Publishing Co.  Inc.,<250,1
Stewart  Tabori and Chang,<250,1
Sticker Design (DC Comics),<250,1
Stone Bridge Press,750-999,1
Stone Bridge Press,<250,1
Stonewall Inn Editions,500-749,1
Storey Publishing  LLC,<250,2
Subterranean Press,<250,2
Sudamericana,250-499,2
Suhrkamp,250-499,1
Suhrkamp,<250,4
Suma,500-749,1
Suma de Letras Brasileiras,500-749,1
Sumach Press,<250,1
Summit University Press,<250,2
Sun & Moon Press,<250,1
Sun and Moon Press,250-499,1
Sun and Moon Press,<250,1
Sunburst,<250,1
Sunstone Press,<250,1
Sutton,<250,1
Sutton Publishing,250-499,1
Swallow Press,<250,1
Sweet Valley,250-499,1
Sweet Valley,<250,1
T&T Clark Int'l,500-749,1
TEA,500-749,1
TIme Warner Books,250-499,1
TSR,250-499,2
TSR Inc.,<250,1
TSR Inc./Wizards of the Coast,250-499,1
Tachyon Publications,500-749,1
Tachyon Publications,<250,2
Tanglewood,<250,1
Tantor Media,<250,6
Taplinger Publ. Company,<250,1
Taplinger Publishing,<250,1
Tarcher,250-499,2
TarcherPerigee,250-499,4
Tarcherperigee,250-499,6
Tarcherperigee,<250,1
Taschen,250-499,2
Taschen,500-749,2
Taunton Press,<250,2
Tauris Parke Paperbacks,<250,1
Taylor Productions Ltd,<250,1
Teacher Created Resources,<250,2
Teacher's Pet Publications,<250,1
Teacher's Pet Publications  Inc.,<250,1
Teachers College Press,<250,1
Teaching Resources,250-499,1
Teaching Resources,<250,3
Temenos Press,<250,1
Ten Speed Press,250-499,2
Texas A&M University Press,250-499,1
Th1nk Books,<250,1
Thames  Hudson,250-499,1
Thames  Hudson,<250,3
Thames & Hudson,250-499,1
Thames & Hudson,<250,1
Thames & Hudson Ltd,250-499,1
That Patchwork Place,<250,1
The Audio Partners,<250,1
The Berkley Publishing Group,500-749,1
The Bodley Head Ltd,<250,1
The Chicken House,500-749,1
The Crossroad Publishing Company,250-499,1
The Disinformation Company (NYC),250-499,1
The Guilford Press,250-499,3
The Guilford Press,<250,1
The Harvill Press,250-499,2
The Liffey Press,250-499,1
The MIT Press,250-499,1
The MIT Press,<250,1
The Modern Library,<250,1
The Modern Library New York,750-999,1
The Monacelli Press,250-499,1
The Monacelli Press,>=1000,1
The New Press,250-499,6
The New Press,500-749,3
The New Press,<250,3
The New York Review Children's Collection,<250,1
The Orion Publishing Group Ltd,500-749,1
The Overlook Press,250-499,2
The Putnam & Grosset Group,<250,1
Theatre Communications Group,<250,5
Thomas Dunne Books,<250,1
Thomas Nelson,250-499,10
Thomas Nelson,500-749,2
Thomas Nelson,<250,9
Thomas Nelson Publishers,<250,1
Thomas Publications (PA),<250,1
Thomas Y. Crowell Company,<250,1
Thorndike Press,500-749,2
Thorndike Press,<250,1
Thorndike Press Large Print,250-499,2
Three Rivers Press,250-499,6
Three Rivers Press,750-999,1
Three Rivers Press,<250,3
Three Rivers Press (CA),250-499,5
Three Rivers Press (CA),<250,1
Thunder's Mouth Press Books,250-499,1
Timber Press (OR),250-499,1
Time Life Books,<250,1
Time Life Medical,<250,10
Time Warner Books UK,<250,1
Time Warner Paperbacks,500-749,1
Time Warner Paperbacks,<250,1
Time-Life Books,<250,1
Time-Life Books  Inc.,<250,1
Timeless Texts,<250,1
Times Books,<250,4
Tin House Books,750-999,1
Tin House Magazine,<250,1
Tinder Press,250-499,1
Titan,250-499,1
Titan Books,<250,2
Titan Books Ltd,<250,1
TokyoPop,250-499,1
TokyoPop,<250,18
Tokyopop,<250,1
Tom Doherty Associates,250-499,1
Tom Doherty Associates/Orb Books,750-999,1
Tom Doherty Tor Fantasy,>=1000,1
Tommy Nelson,<250,2
Top Shelf Productions,500-749,1
Top Shelf Productions,<250,1
Topaz,250-499,1
Tor,250-499,2
Tor,500-749,1
Tor,<250,1
Tor Books,250-499,50
Tor Books,500-749,14
Tor Books,750-999,2
Tor Books,<250,6
Tor Books,>=1000,4
Tor Classics,500-749,1
Tor Classics,<250,1
Tor Fantasy,250-499,14
Tor Fantasy,500-749,3
Tor Fantasy,750-999,2
Tor Fantasy,<250,1
Tor Science Fiction,250-499,4
Totem Books,<250,3
Touchstone,250-499,11
Touchstone,<250,9
Touchstone Books,250-499,2
Touchstone Books,500-749,1
Touchstone Books,<250,4
Tougher Disguises,<250,1
Townsend Press,250-499,1
Trafalgar Square Publishing,<250,1
Trafford Publishing,250-499,1
Trafford Publishing,500-749,1
Transaction Publishers,500-749,1
Transworld Publishers,250-499,1
Transworld Publishers,<250,2
Transworld Publishers Ltd,500-749,1
Travelers' Tales,<250,1
Treat Enterprises,250-499,1
Trine Day,250-499,1
Triple Crown Publications,250-499,1
Triple Crown Publications,<250,1
Troll Communications,<250,2
Tropismos,250-499,1
Turtleback,250-499,2
Turtleback Books,250-499,8
Turtleback Books,500-749,3
Turtleback Books,<250,15
Turtleback Books Distributed by Demco Media,<250,1
TusQuets,250-499,2
TusQuets,>=1000,1
Tusquets,<250,1
Tuttle Publishing,<250,2
Twayne Publishers,<250,1
Twenty-First Century Books (CT),<250,1
Twin Palms Publishers,<250,1
Two Lions,<250,1
Two Plus Two Publishing LLC,250-499,2
Tyndale House Publishers,250-499,20
Tyndale House Publishers,<250,2
Tyndale Momentum,<250,1
US Green Building Council,250-499,1
US Naval Institute Press,250-499,1
Ullstein,250-499,1
Ullstein Buchverlage GmbH & Co. KG / Ullstein Tas,250-499,1
Ullstein Tb,250-499,2
Ulysses Press,<250,2
Umbriel,250-499,2
Umbriel,500-749,2
Umbriel,<250,1
Underwood/Miller  Berkley,<250,1
Union Square Press,<250,1
Univ Of Minnesota Press,250-499,4
Univ Of Minnesota Press,<250,5
Universal Publishers,250-499,1
Universe,250-499,1
Universe,<250,1
Universe Publishing(NY),250-499,1
University Of Chicago Press,250-499,5
University Of Chicago Press,500-749,1
University Of Chicago Press,<250,2
University Of Minnesota Press,250-499,1
University Press of America,<250,1
University Press of Florida,250-499,1
University Press of Florida,<250,2
University Press of Kansas,250-499,2
University Press of Kansas,500-749,1
University Press of Kansas,<250,1
University Press of Kentucky,250-499,2
University Press of Mississippi,250-499,3
University Press of Mississippi,750-999,1
University Press of Mississippi,<250,10
University Press of New England,<250,1
University of Alaska Press,<250,1
University of Arizona Press,250-499,1
University of Arkansas Press,500-749,1
University of Arkansas Press,<250,1
University of Calgary Press,250-499,1
University of California Press,250-499,18
University of California Press,500-749,3
University of California Press,750-999,1
University of California Press,<250,4
University of Chicago Press,250-499,16
University of Chicago Press,500-749,9
University of Chicago Press,750-999,2
University of Chicago Press,<250,15
University of Georgia Press,250-499,3
University of Georgia Press,<250,1
University of Illinois Press,250-499,3
University of Illinois Press,<250,1
University of Massachusetts Press,250-499,3
University of Michigan Press,250-499,3
University of Michigan Press,<250,2
University of Minnesota Press,250-499,1
University of Nebraska Press,250-499,1
University of Nebraska Press,<250,1
University of New Mexico Press,250-499,1
University of North Carolina Press,250-499,1
University of North Carolina Press,500-749,1
University of North Carolina Press,<250,1
University of Notre Dame Press,<250,1
University of Oklahoma Press,250-499,1
University of Oklahoma Press,500-749,4
University of Oklahoma Press,<250,3
University of Pennsylvania Press,250-499,4
University of Pennsylvania Press,<250,2
University of Pittsburgh Press,250-499,1
University of South Carolina Press,<250,1
University of Texas Press,<250,2
University of Texas Press (Austin/London),<250,1
University of Toronto Press,250-499,1
University of Utah Press,250-499,1
University of Washington Press,250-499,2
University of Washington Press,<250,2
University of Wisconsin Press,250-499,2
Unwin Paperbacks,250-499,1
Urban Books,250-499,1
Urion Press,250-499,1
Usborne Books,<250,1
VIZ Media,<250,14
VIZ Media LLC,250-499,4
VIZ Media LLC,<250,84
Vacation Work Publications,500-749,1
Van Patten Publishing,500-749,1
Vanderbilt University Press,250-499,1
Vanguard Press,250-499,1
Vanguard Press,<250,1
Vantage Press,<250,1
VeloPress,250-499,1
Vendome Press,250-499,1
Verba Mundi,250-499,1
Veritas Publishing,250-499,3
Vermilion,250-499,3
Vermilion,<250,2
Verso,250-499,7
Verso,<250,8
Versus Press,250-499,1
Vertical,250-499,2
Vertical,<250,1
Vertigo,250-499,4
Vertigo,500-749,1
Vertigo,<250,37
Vertigo (DC Comics),<250,1
Victor Gollancz,250-499,1
Vida,<250,1
Viking,250-499,6
Viking,500-749,1
Viking,<250,2
Viking,>=1000,1
Viking Adult,250-499,4
Viking Adult,500-749,1
Viking Adult,>=1000,2
Viking Books,250-499,7
Viking Books,500-749,1
Viking Books,<250,5
Viking Books for Young Readers,<250,2
Viking Children's Books,<250,2
Viking Juvenile,250-499,2
Viking Penguin Inc.,250-499,1
Viking Press,>=1000,1
Viking UK,<250,1
Viking; G. P. Putnam & Sons,500-749,1
Villard,250-499,4
Villard,<250,4
Villard Books,<250,1
Vince Emery Productions,250-499,1
Vintage,250-499,158
Vintage,500-749,42
Vintage,750-999,5
Vintage,<250,110
Vintage,>=1000,3
Vintage Books,250-499,9
Vintage Books,500-749,2
Vintage Books,<250,2
Vintage Books USA,250-499,2
Vintage Books USA,500-749,2
Vintage Books USA,750-999,1
Vintage Books USA,<250,4
Vintage Books USA,>=1000,1
Vintage Books a division of Random House,<250,1
Vintage Books/Vintage Classics,<250,1
Vintage Classics,250-499,7
Vintage Classics,500-749,6
Vintage Classics,750-999,2
Vintage Classics,<250,8
Vintage Contemporaries,250-499,2
Vintage Contemporaries,500-749,1
Vintage Contemporaries,<250,1
Vintage Crime,<250,1
Vintage Crime/Black Lizard,250-499,10
Vintage Crime/Black Lizard,<250,5
Vintage Espanol,<250,2
Vintage International,250-499,12
Vintage International,500-749,2
Vintage International,<250,4
Vintage/Ebury,<250,1
Vintage/Ebury (A Division of Random House Group),250-499,1
Vintage/Random House (NY),250-499,2
Vintage/Random House (NY),500-749,1
Vintage/Random House Inc. (NYC),500-749,1
Virago,250-499,2
Virago Press (UK),250-499,1
Virago Press Ltd,250-499,1
Virago UK,<250,2
Virgin Publishing,250-499,3
Vision,250-499,10
Vision,500-749,2
Vision,750-999,1
Vision Forum,<250,1
Vivendi,250-499,1
Viz Media,250-499,3
Viz Media,<250,17
Voice,<250,1
Volo,<250,1
Voyager,250-499,2
Voyager,500-749,4
Voyageur Press,250-499,1
Voyageur Press,<250,1
W Publishing Group,<250,1
W. W. Norton  Company,250-499,36
W. W. Norton  Company,500-749,16
W. W. Norton  Company,750-999,1
W. W. Norton  Company,<250,13
W. W. Norton  Company,>=1000,2
W. W. Norton & Co.,250-499,1
W. W. Norton & Company,250-499,22
W. W. Norton & Company,500-749,13
W. W. Norton & Company,750-999,1
W. W. Norton & Company,<250,2
W. W. Norton & Company,>=1000,5
W. W. Norton and Company,<250,1
W.W. Norton,500-749,1
W.W. Norton,<250,1
W.W. Norton  Company,250-499,1
W.W. Norton & Company,250-499,8
W.W. Norton & Company,500-749,4
W.W. Norton & Company,750-999,1
W.W. Norton & Company,<250,3
W.W. Norton & Company  Inc. (NY),<250,1
W.W. Norton & Company (NY),250-499,1
W.W. Norton & Company (NY/London),250-499,1
W.W. Norton & Company (NYC),250-499,1
W.W. Norton & Company (NYC),<250,1
Wadsworth Publishing Company,250-499,1
Wadsworth Publishing Company,500-749,2
Wadsworth Publishing Company,<250,1
Waking Lion Press,250-499,1
Waking Lion Press,<250,1
Walker,<250,1
Walker & Company,<250,3
Walker Books,250-499,1
Walker Books,<250,2
Walker Books Ltd,250-499,1
Walker Books Ltd,<250,1
Walter Foster Publishing,<250,1
Walter de Gruyter,<250,1
Warne,<250,6
Warne,>=1000,1
Warner,250-499,1
Warner,<250,1
Warner Adult,<250,1
Warner Books,250-499,9
Warner Books,500-749,4
Warner Books,750-999,1
Warner Books,<250,10
Warner Books,>=1000,1
Warner Books (NY),250-499,11
Warner Books (NY),500-749,2
Warner Books (NY),750-999,2
Warner Books (NY),<250,6
Warner Forever,250-499,2
Warner Vision,500-749,1
Warners Visions Books,500-749,1
Wasendorf & Associates Inc,250-499,1
Washington Square Press,250-499,28
Washington Square Press,500-749,5
Washington Square Press,<250,4
WaterBrook,250-499,1
Waterbrook Press,250-499,2
Waterbrook Press,<250,2
Watkins,500-749,1
Watkins Publishing,<250,1
Watson-Guptill,<250,1
Watson-Guptill Publications,<250,1
Waveland Press,<250,1
Wayne State University Press,500-749,1
Wayne State University Press,<250,1
Webster's New World,<250,1
Weidenfeld & Nicolson,500-749,1
Weidenfeld & Nicolson,<250,1
Weiser Books,<250,1
Welcome Books,250-499,1
Wenner Books,250-499,1
Wesleyan University Press,<250,1
Western Publishing Company  Golden Books,<250,1
Westholme Publishing,<250,1
Westminster John Knox Press,250-499,2
Westminster John Knox Press,<250,2
Westview Press,250-499,1
Wheeler Publishing,250-499,3
Wheeler Publishing,<250,1
Whitaker House,250-499,2
Whitaker House,<250,1
White Wolf Games Studio,250-499,2
White Wolf Games Studio,<250,2
Wildside Press,250-499,2
Wildside Press,500-749,1
Wildside Press,<250,4
Wildstorm,<250,2
Wiley,250-499,16
Wiley,500-749,1
Wiley,750-999,2
Wiley,<250,3
Wiley (TP),250-499,1
Wiley Publishing,250-499,2
Wiley Publishing  Inc.,250-499,1
Wiley-Blackwell,250-499,4
Wiley-Blackwell,500-749,1
Wiley-Blackwell,<250,2
Wilhelm Goldmann Verlag  GmbH,500-749,2
William B. Eerdmans Publishing Company,250-499,1
William B. Eerdmans Publishing Company,<250,2
William Heinemann,750-999,1
William Heinemann Ltd.,>=1000,1
William Morrow,250-499,21
William Morrow,500-749,1
William Morrow,<250,6
William Morrow & Company,250-499,3
William Morrow & Company,<250,3
William Morrow & Company  Inc.,<250,1
William Morrow & Company (NYC),750-999,1
William Morrow / Harper,250-499,1
William Morrow / HarperCollins / Harper Perennial,250-499,1
William Morrow Paperbacks,250-499,44
William Morrow Paperbacks,500-749,3
William Morrow Paperbacks,750-999,2
William Morrow Paperbacks,<250,9
William Morrow; 1ST edition,250-499,1
Windsor Golden Series,<250,1
Wings,500-749,3
Wings,750-999,5
Wings,<250,1
Wings,>=1000,1
Wings Books,500-749,2
Wings Books,750-999,1
Winter on the Farm (My First Little House),<250,1
Wipf & Stock Publishers,<250,1
Wisdom Publications,250-499,2
Wisdom Publications,<250,2
Wizarding World Press,250-499,1
Wizards of the Coast,250-499,26
Wizards of the Coast,500-749,1
Wizards of the Coast,<250,2
Woodbridge Press Publishing Company,<250,1
Woodrow Wilson Center Press / Johns Hopkins University Press,250-499,1
Wordsworth Classics,>=1000,1
Wordsworth Editions,250-499,3
Wordsworth Editions,500-749,3
Wordsworth Editions,750-999,1
Wordsworth Editions,<250,1
Wordsworth Editions,>=1000,1
Workman Publishing Company,500-749,1
Workman Publishing Company,750-999,3
Workman Publishing Company,<250,3
World Wrestling Entertainment Books,250-499,1
Worth Publishers,>=1000,1
Writer's Digest Books,<250,4
Wyatt Book,250-499,1
Xlibris Corporation,<250,1
Xulon Press,<250,1
Y Lolfa,<250,1
Yale University Press,250-499,12
Yale University Press,500-749,3
Yale University Press,750-999,1
Yale University Press,<250,9
Yale University Press (New Haven  CT),<250,1
Yapı Kredi Yayınları,250-499,1
Yearling,250-499,7
Yearling,500-749,1
Yearling,<250,20
Yearling Books,250-499,1
Yearling Books,<250,8
Yellow Jersey,250-499,1
Yellow Jersey,<250,1
Yesterday's Classics,250-499,1
York Press,<250,1
Yoruba Theological Archministry,250-499,1
Yosemite Conservancy,250-499,1
Young Picador,<250,1
YoungJin Singapore Pte. Ltd.,<250,1
Your Coach Digital,<250,1
Zebra,250-499,9
Zebra,<250,1
Zebra Books,500-749,1
Zenith Press,250-499,2
Zeta Bolsillo,750-999,1
Zondervan,250-499,9
Zondervan,<250,4
Zondervan Publishing Company,250-499,1
Zondervan Publishing Company,<250,2
Zondervan Publishing House,>=1000,1
btb,250-499,1
dtv,250-499,1
iBooks,250-499,3
iBooks,500-749,1
iBooks,<250,5
iUniverse,250-499,1
iUniverse,<250,2
l'ecole des loisirs,<250,1
rbooks,<250,1
Éditions 10/18,250-499,1
Éditions de L'Olivier,250-499,1
Éditions de Minuit,<250,1
Éditions du Rocher,250-499,1
Эксмо,500-749,1
ガンガンコミックス,<250,5
ビブロス,<250,1
小学館,<250,15
小学館 [Shōgakukan],<250,1
時報出版,250-499,1
東立,<250,8
皇冠文化出版有限公司,500-749,1
皇冠文化出版有限公司,750-999,1
聯經出版事業股份有限公司,250-499,1
聯經出版事業股份有限公司,500-749,1
英文漢聲出版股份有限公司,<250,1
角川書店 (Kadokawa Shoten),<250,2
講談社,<250,6
集英社,<250,12
